/*
Navicat MySQL Data Transfer

Source Server         : 172.18.42.150
Source Server Version : 50729
Source Host           : 172.18.42.150:3306
Source Database       : schedulis

Target Server Type    : MYSQL
Target Server Version : 50729
File Encoding         : 65001

Date: 2021-09-23 09:24:56
*/

SET FOREIGN_KEY_CHECKS=0;

-- ----------------------------
-- Table structure for active_executing_flows
-- ----------------------------
DROP TABLE IF EXISTS `active_executing_flows`;
CREATE TABLE `active_executing_flows` (
  `exec_id` int(11) NOT NULL,
  `update_time` bigint(20) DEFAULT NULL,
  PRIMARY KEY (`exec_id`)
) ENGINE=InnoDB DEFAULT CHARSET=utf8;

-- ----------------------------
-- Records of active_executing_flows
-- ----------------------------

-- ----------------------------
-- Table structure for active_sla
-- ----------------------------
DROP TABLE IF EXISTS `active_sla`;
CREATE TABLE `active_sla` (
  `exec_id` int(11) NOT NULL,
  `job_name` varchar(128) NOT NULL,
  `check_time` bigint(20) NOT NULL,
  `rule` tinyint(4) NOT NULL,
  `enc_type` tinyint(4) DEFAULT NULL,
  `options` longblob NOT NULL,
  PRIMARY KEY (`exec_id`,`job_name`)
) ENGINE=InnoDB DEFAULT CHARSET=utf8;

-- ----------------------------
-- Records of active_sla
-- ----------------------------

-- ----------------------------
-- Table structure for cfg_webank_all_users
-- ----------------------------
DROP TABLE IF EXISTS `cfg_webank_all_users`;
CREATE TABLE `cfg_webank_all_users` (
  `app_id` smallint(5) unsigned NOT NULL,
  `user_id` varchar(50) NOT NULL,
  `urn` varchar(200) DEFAULT NULL,
  `full_name` varchar(200) DEFAULT NULL,
  `display_name` varchar(200) DEFAULT NULL,
  `title` varchar(200) DEFAULT NULL,
  `employee_number` int(10) unsigned DEFAULT NULL,
  `manager_urn` varchar(200) DEFAULT NULL,
  `manager_user_id` varchar(50) DEFAULT NULL,
  `manager_employee_number` int(10) unsigned DEFAULT NULL,
  `default_group_name` varchar(100) DEFAULT NULL,
  `email` varchar(200) DEFAULT NULL,
  `department_id` int(10) unsigned DEFAULT '0',
  `department_name` varchar(200) DEFAULT NULL,
  `org_id` int(10) unsigned DEFAULT '0',
  `start_date` varchar(20) DEFAULT NULL,
  `mobile_phone` varchar(50) DEFAULT NULL,
  `is_active` char(1) DEFAULT 'Y',
  `org_hierarchy` varchar(500) DEFAULT NULL,
  `org_hierarchy_depth` tinyint(3) unsigned DEFAULT NULL,
  `person_group` int(1) NOT NULL,
  `created_time` int(10) unsigned DEFAULT NULL COMMENT 'the create time in epoch',
  `modified_time` int(10) unsigned DEFAULT NULL COMMENT 'the modified time in epoch',
  `wh_etl_exec_id` bigint(20) DEFAULT NULL COMMENT 'wherehows etl execution id that modified this record',
  PRIMARY KEY (`user_id`,`app_id`),
  KEY `email` (`email`) USING BTREE
) ENGINE=InnoDB DEFAULT CHARSET=utf8 COMMENT='全行用户表';

-- ----------------------------
-- Records of cfg_webank_all_users
-- ----------------------------

-- ----------------------------
-- Table structure for cfg_webank_hrgetmd5
-- ----------------------------
DROP TABLE IF EXISTS `cfg_webank_hrgetmd5`;
CREATE TABLE `cfg_webank_hrgetmd5` (
  `id` int(11) NOT NULL AUTO_INCREMENT,
  `last_updated` varchar(35) NOT NULL COMMENT 'ESB数据更新时间',
  `staff_MD5` varchar(200) NOT NULL COMMENT '人员信息MD5',
  `org_MD5` varchar(200) DEFAULT NULL COMMENT '部门信息MD5',
  PRIMARY KEY (`id`)
) ENGINE=InnoDB DEFAULT CHARSET=utf8 COMMENT='ESB签名（用于查看上面人员和组织数据有无改动）';

-- ----------------------------
-- Records of cfg_webank_hrgetmd5
-- ----------------------------

-- ----------------------------
-- Table structure for cfg_webank_organization
-- ----------------------------
DROP TABLE IF EXISTS `cfg_webank_organization`;
CREATE TABLE `cfg_webank_organization` (
  `dp_id` int(10) unsigned NOT NULL,
  `pid` int(10) DEFAULT NULL COMMENT '父级部门ID',
  `dp_name` varchar(200) NOT NULL COMMENT '英文部门名称',
  `dp_ch_name` varchar(200) NOT NULL COMMENT '中文部门名称',
  `org_id` int(10) unsigned NOT NULL COMMENT '室ID',
  `org_name` varchar(200) DEFAULT NULL COMMENT '室名称',
  `division` varchar(200) NOT NULL COMMENT '部门所属事业条线',
  `group_id` int(11) DEFAULT '1',
  `upload_flag` int(10) DEFAULT '1' COMMENT '部门上传权限',
  PRIMARY KEY (`dp_id`,`org_id`)
) ENGINE=InnoDB DEFAULT CHARSET=utf8 COMMENT='全行部门表';

-- ----------------------------
-- Records of cfg_webank_organization
-- ----------------------------
INSERT INTO `cfg_webank_organization` VALUES ('9999999', '100000', '', '临时部门', '9999999', '临时室', 'null', '1', '1');

-- ----------------------------
-- Table structure for department_group
-- ----------------------------
DROP TABLE IF EXISTS `department_group`;
CREATE TABLE `department_group` (
  `id` int(11) NOT NULL,
  `name` varchar(128) NOT NULL COMMENT '组名称',
  `description` varchar(256) DEFAULT NULL COMMENT '分组描述',
  `create_time` bigint(20) NOT NULL COMMENT '创建时间',
  `update_time` bigint(20) NOT NULL COMMENT '更新时间',
  PRIMARY KEY (`id`),
  UNIQUE KEY `name` (`name`)
) ENGINE=InnoDB DEFAULT CHARSET=utf8 COMMENT='部门分组信息表';

-- ----------------------------
-- Records of department_group
-- ----------------------------
INSERT INTO `department_group` VALUES ('1', 'default_group', '默认分组(请勿删除)', '1562315302028', '1562315302028');

-- ----------------------------
-- Table structure for department_group_executors
-- ----------------------------
DROP TABLE IF EXISTS `department_group_executors`;
CREATE TABLE `department_group_executors` (
  `id` int(11) NOT NULL AUTO_INCREMENT,
  `group_id` int(11) NOT NULL COMMENT 'department_group的ID',
  `executor_id` int(11) NOT NULL,
  PRIMARY KEY (`id`),
  UNIQUE KEY `executor_id` (`executor_id`)
) ENGINE=InnoDB AUTO_INCREMENT=2 DEFAULT CHARSET=utf8 COMMENT='executor分组关系信息表';

-- ----------------------------
-- Records of department_group_executors
-- ----------------------------
INSERT INTO `department_group_executors` VALUES ('1', '1', '1');

-- ----------------------------
-- Table structure for department_maintainer
-- ----------------------------
DROP TABLE IF EXISTS `department_maintainer`;
CREATE TABLE `department_maintainer` (
  `department_id` int(8) NOT NULL COMMENT '部门ID',
  `department_name` varchar(50) NOT NULL COMMENT '部门名称',
  `ops_user` varchar(300) NOT NULL COMMENT '运维人员',
  PRIMARY KEY (`department_id`)
) ENGINE=InnoDB DEFAULT CHARSET=utf8;

-- ----------------------------
-- Records of department_maintainer
-- ----------------------------

-- ----------------------------
-- Table structure for distribute_lock
-- ----------------------------
DROP TABLE IF EXISTS `distribute_lock`;
CREATE TABLE `distribute_lock` (
  `id` bigint(20) NOT NULL AUTO_INCREMENT,
  `request_id` varchar(128) NOT NULL COMMENT '线程和uuid',
  `lock_resource` varchar(128) NOT NULL COMMENT '业务主键,要锁住的资源,trigger/flow',
  `lock_count` int(16) NOT NULL DEFAULT '0' COMMENT '当前上锁次数,统计可重入锁',
  `version` int(16) NOT NULL COMMENT '版本,每次更新+1',
  `ip` varchar(45) NOT NULL COMMENT '抢占到所的服务IP',
  `timeout` bigint(20) NOT NULL DEFAULT '0' COMMENT '锁超时时间',
  `create_time` bigint(20) NOT NULL COMMENT '生成时间',
  `update_time` bigint(20) NOT NULL COMMENT '更新时间',
  PRIMARY KEY (`id`),
  UNIQUE KEY `unq_resource` (`lock_resource`)
) ENGINE=InnoDB DEFAULT CHARSET=utf8 COMMENT='分布式锁工具表';

-- ----------------------------
-- Records of distribute_lock
-- ----------------------------

-- ----------------------------
-- Table structure for event_auth
-- ----------------------------
DROP TABLE IF EXISTS `event_auth`;
CREATE TABLE `event_auth` (
  `sender` varchar(45) NOT NULL COMMENT '消息发送者',
  `topic` varchar(45) NOT NULL COMMENT '消息主题',
  `msg_name` varchar(45) NOT NULL COMMENT '消息名称',
  `record_time` timestamp NOT NULL DEFAULT CURRENT_TIMESTAMP COMMENT '插入记录时间',
  `allow_send` int(11) NOT NULL COMMENT '允许发送标志',
  PRIMARY KEY (`sender`,`topic`,`msg_name`)
) ENGINE=InnoDB DEFAULT CHARSET=utf8 COMMENT='消息发送授权表';

-- ----------------------------
-- Records of event_auth
-- ----------------------------

-- ----------------------------
-- Table structure for event_notify
-- ----------------------------
DROP TABLE IF EXISTS `event_notify`;
CREATE TABLE `event_notify` (
  `source_pid` int(11) NOT NULL COMMENT '上游工程id',
  `dest_pid` int(11) NOT NULL COMMENT '下游工程id',
  `source_fid` varchar(128) NOT NULL COMMENT '上游flowid',
  `dest_fid` varchar(128) NOT NULL COMMENT '下游flowid',
  `topic` varchar(45) NOT NULL COMMENT '消息主题',
  `msgname` varchar(45) NOT NULL COMMENT '消息名称',
  `sender` varchar(45) NOT NULL COMMENT '消息发送者',
  `receiver` varchar(45) NOT NULL COMMENT '消息接收者',
  `maintainer` varchar(45) NOT NULL COMMENT '消息拥有者'
) ENGINE=InnoDB DEFAULT CHARSET=utf8 COMMENT='信号血缘通知表';

-- ----------------------------
-- Records of event_notify
-- ----------------------------

-- ----------------------------
-- Table structure for event_queue
-- ----------------------------
DROP TABLE IF EXISTS `event_queue`;
CREATE TABLE `event_queue` (
  `msg_id` int(10) unsigned NOT NULL AUTO_INCREMENT COMMENT '消息ID号',
  `sender` varchar(45) NOT NULL COMMENT '消息发送者',
  `send_time` datetime NOT NULL COMMENT '消息发送时间',
  `topic` varchar(45) NOT NULL COMMENT '消息主题',
  `msg_name` varchar(45) NOT NULL COMMENT '消息名称',
  `msg` varchar(1000) DEFAULT NULL,
  `send_ip` varchar(45) NOT NULL,
  PRIMARY KEY (`msg_id`)
) ENGINE=InnoDB DEFAULT CHARSET=utf8 COMMENT='azkaban调取系统消息队列表';

-- ----------------------------
-- Records of event_queue
-- ----------------------------

-- ----------------------------
-- Table structure for event_status
-- ----------------------------
DROP TABLE IF EXISTS `event_status`;
CREATE TABLE `event_status` (
  `receiver` varchar(45) NOT NULL COMMENT '消息接收者',
  `receive_time` datetime NOT NULL COMMENT '消息接收时间',
  `topic` varchar(45) NOT NULL COMMENT '消息主题',
  `msg_name` varchar(45) NOT NULL COMMENT '消息名称',
  `msg_id` int(11) NOT NULL COMMENT '消息的最大消费id',
  PRIMARY KEY (`receiver`,`topic`,`msg_name`)
) ENGINE=InnoDB DEFAULT CHARSET=utf8 COMMENT='消息消费状态表';

-- ----------------------------
-- Records of event_status
-- ----------------------------

-- ----------------------------
-- Table structure for execution_cycle_flows
-- ----------------------------
DROP TABLE IF EXISTS `execution_cycle_flows`;
CREATE TABLE `execution_cycle_flows` (
  `id` int(11) NOT NULL AUTO_INCREMENT,
  `status` tinyint(4) DEFAULT NULL,
  `now_exec_id` int(11) NOT NULL,
  `project_id` int(11) NOT NULL,
  `flow_id` varchar(128) NOT NULL,
  `submit_user` varchar(64) DEFAULT NULL,
  `submit_time` bigint(20) DEFAULT NULL,
  `update_time` bigint(20) DEFAULT NULL,
  `start_time` bigint(20) DEFAULT NULL,
  `end_time` bigint(20) DEFAULT NULL,
  `enc_type` tinyint(4) DEFAULT NULL,
  `data` longblob,
  PRIMARY KEY (`id`)
) ENGINE=InnoDB DEFAULT CHARSET=utf8;

-- ----------------------------
-- Records of execution_cycle_flows
-- ----------------------------

-- ----------------------------
-- Table structure for execution_dependencies
-- ----------------------------
DROP TABLE IF EXISTS `execution_dependencies`;
CREATE TABLE `execution_dependencies` (
  `trigger_instance_id` varchar(64) NOT NULL,
  `dep_name` varchar(128) NOT NULL,
  `starttime` bigint(20) NOT NULL,
  `endtime` bigint(20) DEFAULT NULL,
  `dep_status` tinyint(4) NOT NULL,
  `cancelleation_cause` tinyint(4) NOT NULL,
  `project_id` int(11) NOT NULL,
  `project_version` int(11) NOT NULL,
  `flow_id` varchar(128) NOT NULL,
  `flow_version` int(11) NOT NULL,
  `flow_exec_id` int(11) NOT NULL,
  PRIMARY KEY (`trigger_instance_id`,`dep_name`)
) ENGINE=InnoDB DEFAULT CHARSET=utf8;

-- ----------------------------
-- Records of execution_dependencies
-- ----------------------------

-- ----------------------------
-- Table structure for execution_flows
-- ----------------------------
DROP TABLE IF EXISTS `execution_flows`;
CREATE TABLE `execution_flows` (
  `exec_id` int(11) NOT NULL AUTO_INCREMENT,
  `project_id` int(11) NOT NULL,
  `version` int(11) NOT NULL,
  `flow_id` varchar(128) NOT NULL,
  `status` tinyint(4) DEFAULT NULL,
  `submit_user` varchar(64) DEFAULT NULL,
  `submit_time` bigint(20) DEFAULT NULL,
  `update_time` bigint(20) DEFAULT NULL,
  `start_time` bigint(20) DEFAULT NULL,
  `end_time` bigint(20) DEFAULT NULL,
  `enc_type` tinyint(4) DEFAULT NULL,
  `flow_data` longblob,
  `executor_id` int(11) DEFAULT NULL,
  `flow_type` tinyint(1) DEFAULT NULL,
  `repeat_id` varchar(128) DEFAULT NULL,
  `use_executor` int(11) DEFAULT NULL,
  PRIMARY KEY (`exec_id`),
  KEY `ex_flows_start_time` (`start_time`),
  KEY `ex_flows_end_time` (`end_time`),
  KEY `ex_flows_time_range` (`start_time`,`end_time`),
  KEY `ex_flows_flows` (`project_id`,`flow_id`),
  KEY `executor_id` (`executor_id`),
  KEY `ex_flows_staus` (`status`),
  KEY `ex_pro_flows_stime` (`project_id`,`flow_id`,`start_time`)
) ENGINE=InnoDB AUTO_INCREMENT=8 DEFAULT CHARSET=utf8;

-- ----------------------------
-- Records of execution_flows
-- ----------------------------
INSERT INTO `execution_flows` VALUES ('1', '2', '1', 'hdfs_to_mysql', '70', 'superadmin', '1628473110172', '1628473111238', '1628473110854', '1628473111224', '2', 0x1F8B0800000000000000C597DF6EDB3614C6DF85D74627296E62FBCE4DECCD83670773D75E0C81418BC70B1B4A54492AA91BE46A0FD157E80314451F6818D0B7180FF5C7922C1BCE666037412492E77CE7773E52F42351697C450D900109BCC0F77A5E8F74087C8030355CC6F304FF6A3278246BCA45AA6018E21B3B7D3C994D163F2D87D3E9F27ABE584C5E4D4776650491549BCB5B08EFC8C0A8143AE47D0A294CE11E0419781D92F004048F6164734C1819C4A9101D12CA384C9582D864296D027DC7131B319686AF37F378CC9536E34C4411BA189BD2CAD09A0A0DDB3C79E62C8D4EC310B41E4576B29EDF83529C6D97E42566A364F0FB4D8730AEE94A00CB9ED6423E5C53452330A090CA532364360DFFBD54408D54B60E066B9A0A431AF11BD96D24FAF18EAE683CB649DED8F08E82FFC222339B048A0AA8311025C6A14C35A86B25935C49ACDF1AAD0B36DA50655EF3C8AEF4CF835EF7E2CCB7ED7DD9ED106169FD22195F7360BFD910C83A4D405116F1D8CAE46557B05EEC11B9656BBD3472196DF47B511A44AA09C3927D5BF33BB99AA72649CD8F42AEA870943259793ACC5695E307FD8B20E867E3B39A744C8BED04F62B18B5C9C2C8D4A0D44C589A306BDA46757E70D6734E62DC7937FE59AE16869AD40626548865DE2AAB5F9A5B5015735BF50B6BB72C69F91E7B4905288394AE20A12AB206B5C1FEFAF6E5EF4F5FBFFFF9F9FBA7CFA4B4C010A7E6762393D9784E1C964A25B5C8C586DA59658BBD2FFB5FD98CD7D4DCDA39E5B3FEC1B7191424D669DB5A9E2A2BB0777E9527168966CE0D5FB22AB8C69201CA7BDC1DAAF1475E32552134BDF1C28E9076F3F97EAFBBAF736E88B73A2D66AD938F6A73B671ECDC28A23123F5DDC3E3595E2D610F067352EBE61B273E0B76399C5D8EA6D3D1956DC9BF2122995E0AF9C701265EBFEBEF61E2F57BFD06933C5E2B15AF7FDE3F0595B2F8F1708295BB324B50A8C00A610F6CE9CA71726E90CE5E185BB639873D0E380F4EDED45CABC1A656ABA87BECA6651FB4FB1725BA8654FCD2EE509CB9C7467B4155D8B2D56156DE495A5D615575185B3579A124A74C3F039657B8B756D71E5E38F9B9BCB6AA0EC30A8EFD281C0BAB5950FBA66822AC9AF14884A83CF75BD980767E38F3F9FC0A4987F9755F9E7C6356ED54A7543D878FA484FA724A25E3764A38F3B994EA3BE32029AF777E6252EE80C2ECA8A209AB6EC3A37939953B9F957D3BD3CDFECF1FC45A1D873F87FDBD9FC37E71A0D4A9FC7F1FC3E6A179ECE95E1E1287DD7476EA5B4EF31A718253DE896C9EF2DB43B0DD52B8A6CD5278F54A5711DF71857F1114436DBF575A720401E610B476E14E947C07A199519C4B0C681390F22D5E9503F7F46183493262944999906CADCD6838E4B1C24D28A076E9DEF50A5EBB5FBBDE784FFF00B347D5B1690F0000, '1', '0', null, null);
INSERT INTO `execution_flows` VALUES ('2', '1', '2', 'hdfs_to_mysql', '70', 'hadoop', '1628740846853', '1628740847437', '1628740847197', '1628740847427', '2', 0x1F8B0800000000000000B597DD6EE24614C7DF65AE518A8DF908773481968A4254B6ED4515A1C17358BC197BBC33E3246C94AB3EC4BEC23E4055F581AA4AFB169D3336C6766C0415BD89023373CEFFFCCE7F3E782132896EA90632246EDB75DA03C7212D02CFE0273A10D122C6BF8A0C5FC886063C9130F2F11B337D329D4F97DFAF46B3D9EA6EB15C4EBF9D8DCDCA10422177375BF01FC850CB045AE4630209CCE0113819B65B240E62E04104639363CAC8304A386F115F447E2225443A4D6912A88720361123A183CD6E114D02A9F4241541861BCA151C0667F4EDD83E51963ACDA312DF07A5C6A199AC168F2065C00E4BB21AD35132FCEDBE4558A0E89A034B3F6DB878BAA39286A0412296D74AC8741AFE7B23816A214D210C3634E19A54E257B29B48F4D3035DD3686292FC62C25B0CCE9561A67731EC2BA05A43186BCB325120EFA488332591FA552BB5E7AE3495FA5D109A954ECF1DF4BDF6C0EB3BD7FD16E186D68F82059B00D8CF2684D1B8A54C08C41DE42DC15AB14164CB366AA5C52ADCA98F3C7787905386E53AA6DE0F62BD48749CE8EFB858536E09A592B25498E920C5EB5F0FBA03D7F1D2F1794936A6C55602FB09B4DCA56144A251662A2C8999716CB532AFD3B7366281356EF483582F35D589094C28E7ABAC4D46BFD05B9005671BF557BE14D1153CC7D24CB1DC31AB19581A13A66AF205D860CA416A44770B3195A1B1ADC9F2F75F7FFCF3F9CFAFBF7FF9FAF90BC97D31C2A99907C9743E59101BB8506239B2D95F8F30E1F47D0E24DB786FE218858F7B9BB8854D7B47F5D6CCC93FAB6F5C9353426C0C7928FBB5B002DBEC16D163D9E8F96C5FE458F72D88040314FCF276A8D42A242812E943D5465766843478B473ED3535D90E05B5A68C58EDE4931C91EE2F33370C69C448799305D13CAB96B0278D39A931FEBD159F06BB19CD6FC6B3D9F8D6B4E4BF10114CADB8787F8C89EB353271BBFD0A932C5E3D15D7EB5D824A5EFC6434C5CA6D993928546084B027B6B2E55839F748A711C6816DC6A1C10103E7E24DCDB46A6C6AB18AB2C7EE6BF641BD7F51A26D48C12FF50EC5990D366A045560CBD6C75975AE2FCCAAE830B6AEF2424956993A03166AB4B04A7535F0C2C9E7F23AA83A0EABDBB930AC6A41F59BA28AB068C61311A2F2CC6F7903EAF9E1CCF3F9ED251DE7D73BF5FE3D7D6316ED54A6543C874FA4D4EBE79472C6F59470E6B994CA3BE33829F7D24EB307146647155558651B9ECECBEDD45C2B8D3BD36D76D6E91762A98EA3D761B7DD781DF67A99EE3295FACBB07B91DBE4F865583D344F3DDDF343E2A89BCC73FA7F3CE46B8FA8F34F792BB27ACA1F0EC1FADEE09A3A4BE1D32B598741354B6F608F373B54FD595313DF73719B735A7A7EC7527C005FCF29CE251A94C6DFC3D9B7F84C76ECA7E71D264869A529D2B5B179A30790C5F2773E87D283FBAD4FF0C9FDCEF6A5F3FA2FDF5A655C8D0F0000, '1', '3', null, null);
INSERT INTO `execution_flows` VALUES ('3', '1', '2', 'hdfs_to_mysql', '70', 'hadoop', '1629345647847', '1629345648256', '1629345648031', '1629345648246', '2', 0x1F8B0800000000000000B5975F6EE33610C6EFC2672395FC2791FDE62676EBC2B5837ADB3E1481418BE3B53694A825A9246E90A71E62AFB007288A1EA828B0B7E88C24CB92221BCEC27D0922939CF9E6371F29EA99E924BAE116D880B59DB6EB78AEC75A0C9EC04F6CA0A2794C7F0D1B3CB3350F64A261E8D32F387D3C994D16DF2F87D3E9F276BE584CBE9D8E706508A1D2DBEB0DF8F76C6075022DF6318104A6F000920D9C168B83186410C108734C041B4489942DE6ABC84FB486C866293181B90F628C18291BACB7F3681C6863C7990836587369603F38E5AFC77689F2D4591E93F83E18330A71B2993F80D681D82FC96BCC46D9E0B7BB161381E12B09227B5A4BF578CB350FC182262C2FB590D934FAF75A03B74A632102D63C9196D5E2D7B26324FEFB3D5FF1688C497EC1F02906F70299D96D0CBB0AB8B510C636659918D0B75AC5B992C8FC6A8DD97137966BFB2E0871A57BD9EE77BABDCBAEE774DC169348EB4725827500E2670C811A375C2845B883A225542B35886DC4DA2CAD5A865BF35116EE507A22A85C17EBFDA056F3C4C689FD4EAA159729A14C529E8A321552BCEE55DFEB796DB79B8DCF2AB2292DB512C44F60F5360BA3124B323361492CD0B1F5CADABDCBD44622488D1BFDA0560BCB6D828119977299B709F52BBB015D7236AABFF0B58A2EE029D63825E54E5971608126CCD4140BA8C15C82B684EE0662AE43B42D66F9E7EF3FFFFDF4D7973F3E7FF9F49915BE18D2D4DC836C321BCF591AB854623532EEAF07184BFEBE00926FBC577150E1C3CE26EDD2A6BDE57683738A67F34D07736A88D190FBB25F4A2BA8CD9D327A2A9B3C9FEF8B02EBAE05911240829F5F0F555A450455A27DA8DBE80247D8018FB6DBCEC126D350D068CA48344E3EC911D9FEC2B961C823C1AA9B2C886679B54C3C5ACAC9D1F877A9F82CD8F570763D9A4E4737D892AF21A284594AF5FE1813C7EB1C62E2F4AF6A4CF278CD541CAF770E2A45F1E3E1842A4FCB2C40910214221EC5322D27957347740EC2D8B3CD391C70807375F6A6E65A2D35B55C45D563770DFBA0D9BFCEAE2125BF343B94661EB0D1415025B6627594957BD93F33ABB2C3C4AACE8B24A5CACCE9B0528D29AC4A5DCDBCD2C96FE5B557751C96E79E1956BDA0E64D51475836E389084979EEB7A201CDFC68E6DBF9ED241DE7D7EF9E7D6396ED54A5543E874FA444FA724A05E3664A34F3AD94AA3BE338A9DEB949A507146527157558551B9ECEABD76D78AD1CDC99BDC3CC4E7F2156EA38FE3AF40ED275BC5C77954AF3CBB07F962BC2F19761FDD03CF5742F0E89E36E6A77FEC743BEF188FA8A539E44D64FF9FD21D86C295AD36429BA7A25AB30A867B9C20F8BDD50FDB3A6E9E5DBC50F062379E5FA1D6BF5017C3BE334975930D665C5AF744D76D3A7A72D25C8686529B2B531DED103C863F95B5F42E5C2FDDA2774E57E97F6A5F3F21F118D436E8D0F0000, '1', '3', null, null);
INSERT INTO `execution_flows` VALUES ('4', '1', '2', 'hdfs_to_mysql', '70', 'hadoop', '1629950448847', '1629950449299', '1629950449030', '1629950449280', '2', 0x1F8B0800000000000000B5975D72E24610C7EF32CF9423B1D808DE581B1252045C61B37948B9A841D32C5A8F34DA99916DE2F2530EB157D803A45239502A557B8B744B4248425038212FB6F1F4F4C7AFFF3D333C339D4437DC02EBB3B6D3761DAF7DC95A0C9EC04F6CA0A2594C3F0DEB3FB3150F64A261E0D37FD07C349E8EE7DF2D0693C9E276369F8FDF4E86B8338450E9CDF51AFC7BD6B73A8116FB944002137800C9FA4E8BC5410C3288608831C682F5A344CA16F355E4275A4364B39018C0DC07317A8C940D569B59340AB4B1A32C09D65F716960B738E1FB6BDB4079E82C8E497C1F8C1986686C660FA07520765BF21AB355D6FFE5AEC54460F85282C83EADA47ABCE59A8760411396979ACBCC8CFEBCD6C0ADD2588880154FA46535FFB5E8E889FF7ACF973C1A6190F7E83EC5E05E2033BB89615B01B716C2D8A62C1303FA56AB38CF24323F5B63B6DC8DE5DABE0B42DCE95EB57BBD4BA7D3E9396F709B445A3F2811AC02103FA10BCC71CD8552843B285A42B55283D85AACCCC2AA45B8319F64A10EA5C782CA75B1DE8F6A394B6C9CD86FA55A729912CA52CA4351A42215AFD3ED79975EDBED64EBD34ADA14965A09E247B07A93B95189A534B3C49258A062EB95E1EF54462248851B7DAF9673CB6D828E19977291B709F357760DBAA46CCCFEC2D72ABA80A758A349CA9DA2E2C21C459865536CA0067309DA12BA1B88B90E51B618E5AF3F7FFFFBF31F5F7FFBF2F5F31756E86240A6B906D9783A9AB1D471A9C4AA679CAF071849FEA100920FDE9E1FCCF0612B937669686FB95DA34DF1D97CD3C1981A6214E4AEEC97D20E6A73A78C9ECA26CDE7735160DDB620520228E1E7FDA54AAB88A04AB40F75195DE00A3BA0D176C73DD8645A0A1A45198946E3931491CD17DA86218F04AB0E59104DF36A9978B41493A3F0EFD2E43367D783E9F5703219DE604BFE0D1125CC42AA0FC79838DD834C1CCFAB31C9FD355371BAED7350298A1F0DC654795A66018A32C044C4A358A4E5A4E9DC119D8330766C730E0714D0BE3A7B53F35C2D35B55C455563770D73D0AC5F4A316D48492FCD0A25CB03323A08AAC4562C8FB272BBDD33B32A2B4C2CEBBC28A53433733AAC34C71456A5AE665EA9F16B79EDB23A0EAB7796B928C1AA17D43C14758465319E889032CFF55634A0991F59BE9EDF36A5E383E978671FCCB29CAA94CAE7F08953E97805A58271F35492E56B295527E3B8D2AECE7D2FA5071445A72CEAB0AA323C5D5557F5AB361FFA666591F57FBE102B751CBF0E7B07AFC3DEF6F4AD5269BE0C3DE7FFBF0CEB87E6A9A77B71481C57937BEEB9AB3F23CE71CABBDEFE29BF3B049B25E51E18437A7A25CB30A847F1F08BC576A9FEB5A669CCA9F746F2CAF33BD6EA23F876CAC9965930D665C57FE999ECA69F9E361420A39585C8F6C6F8460F20F7E56F7C099507F7BE4EE8C9FD2EEDCB9B977F00D8EFB7298D0F0000, '1', '3', null, null);
INSERT INTO `execution_flows` VALUES ('5', '1', '2', 'hdfs_to_mysql', '70', 'hadoop', '1630555249868', '1630555250277', '1630555250055', '1630555250267', '2', 0x1F8B0800000000000000AD97516EE3361086EFC2672395643BB1FD962671EBC2B58366DB3E1481418BE3B53694A825A924DE204F3DC45E610F50143D5051606FD11949962559329CD62F491C5233FF7CF30F45BF309D44D7DC021B31CFF15C67E8B8ACC3E019FCC4062A9AC7F4D3B0D10B5BF140261A2E7DFA0F6E1F4F6693BBEF1797D3E9E2767E7737F9767A834F86102ABDB95A83FFC0465627D0611F1348600A8F20D9C8E9B03888410611DC608E8960A32891B2C37C15F989D610D92C2526300F418C11236583D5661E8D036DEC3813C1462B2E0DEC16A77C7F6D9B284F9DE53189EF833137216E36F347D03A10BB47F21AB35536FAEDBEC34460F85282C83EADA47ABAE59A8760411396D75AC86C1BFD79A5815BA5B110012B9E48CB6AF16BD93112FFF4C0973C1A63925F307C8AC13D43667613C3B6026E2D84B14D592606F4AD5671AE2432BF5A63B6DC8DE5DABE0B427CD23DEF3AFD7EDFEB3BF8ABC324D2FA5189601580F81943A0C635174A11EEA06809D54A0D626BB1320BAB16E1C67C94853B949E082AD7C57A3FA8E53CB17162BF936AC9654A289394A7A24C5B29DEA077311CF4079EDBCBD66715D994965A09E227B07A93855189259999B02416E8D87A65DEC5456A2311A4C68D7E50CB3BCB6D828119977291B709F52BBB065D7236AA3FF3B58ACEE039D6B825E54E5971E10E4D98A9291EA0067309DA12BA6B88B90ED1B698E5EFBFFEF8E7F39F5F7FFFF2F5F31756F8E292B6E61E6493D978CED2C0A512AB9171BE1E612CF9FB02483E787B7150E1E3D6265E69686FB95DE39EE2B3F9A68F3935C468C85DD9AFA527A8CDFD327A2A9B3C9FCF458175DB82480920C12FFB4B9556114195681FEA363AC315D6E251AF7BDEDA645A0A1A4D1989C6CD4739229B2FDC1B863C12AC3A644134CBAB65E2C9524E8EC6BF4FC567C1AE2E675737D3E9CD35B6E4BF1051C22CA47A7F8889331CB63171DD3A933C5E3315D7714E41A5287E7C39A1CAD3320B50A400858827B148CB49E5DC139D56183BB63987160778DEC99B9A6BB5D4D47215558FDD37CC41B37F4962DA90925F9A1D4A3B5B6CD40AAAC4562C0FB27207FD13B32A3B4C2CEBBC4852AACC1C0F2BD598C2AAD4D5E25DDAFC565E3B5587610D072786552FA87928EA08CB663C122129CFFD5634A0991FED7C3BBFADA4C383E99EE45CA90C66D94E554AE573F8C8A9247D39A58271F354BACEDB295527E3B0D32EBA2726951E50949D54D461556D78BCAB48E5DE6BA5753269F7FF7E2156EA38F43A749D6E2B5DCFCD7557A9B4BC0C4F72421E7E19D60FCD634FF7E29038ECA6DEA9E7AE7E8D38C529DF73F64FF9DD21D8DC9B5ECB18D2D52B5986412D4B6F38381F6C97EA5F6B9AC6FC1CBF3018C92BD7EF58AB0FE0DB19A7BDCC82B1F47D38FF2F5D93DDF4D3F3861264B4B214D9B331DED103C863F91B5F42E5C2BDEF13BA72BF4BFBD27DFD17FC75EAFA8D0F0000, '1', '3', null, null);
INSERT INTO `execution_flows` VALUES ('6', '1', '2', 'hdfs_to_mysql', '70', 'hadoop', '1631160050889', '1631160051263', '1631160051081', '1631160051255', '2', 0x1F8B0800000000000000B5975172E2461086EF32CF948384C1C01BB1212145C01536C943CA450D9A66D17AA4D1CE8C6C13979F7288BDC21E2095CA8152A9DA5BA45B124292250A6F9117DB3033DD7F7FFDF7487E663A0E6FB80536646EDB75DA83769FB5183C81175B5F858B887E1A367C661BEECB58C3C8A36F70FB643A9F2EBF5F8D66B3D5ED62B99C7E3B1BE3C90002A577D75BF0EED9D0EA185AEC630C31CCE001241BB65B2CF223907E0863CC31156C18C652B698A7422FD61A429BA6C404E6DE8F3062A8ACBFD92DC289AF8D9DA422D870C3A581C3E28CBF5EDB27CA52A7794CEC7960CC38C0CD66F1005AFBE27024AB315D65C3DFEE5A4CF886AF2588F4D346AAC75BAE790016346179A9844CB7D19FD71AB8551A0B11B0E1B1B4AC12BF921D23F1DFEFF99A87134CF20B864F303817C8CCEE22D857C0AD8520B209CBD880BED52ACA9484E6576BCC9EBBB15CDB777E80279D5EC7717AED76D769F79D169348EB4725FC8D0FE2670C811AB75C2845B8FDBC25542B35886DC5C6ACAC5A053BF351E6EE507A2AA85C07EBFDA0D68BD846B1FD4EAA359709A15452968A32EDA5B8FDCBAB41BFDB779DCB747D5E924D69A995207E02AB776918155B92990A8B23818EAD56E6F63A898D849F1837FC41AD9796DB1803332EE52A6B13EA57760BBAE06C547FE169155EC053A4714BC29DB2E2C2124D98AAC90F5083B9046D09DD0D445C07685BCCF2CFDF7FFEFBE9AF2F7F7CFEF2E933CB7D31A2AD9907D9743E59B02470A1C472649CAF079848FE3E07920DDEAB38A8F0616F13B730B4B7DC6E714FFED97CD3C39C1A2234E4A1EC97C2096A73AF889ECA26CF67739163DDB720540248F0F3EBA552AB88A08AB507551B5DE00A6BF0A8DB711A9B4C4B7EAD294351BBF92447A4F3857B838087829587CC0FE759B54C3C5ACAC9D1F87789F834D8F5687E3D9ECDC637D892AF21A2845949F5FE1813FCD5C4C47107152659BC7A2A8ED33F0795BCF8C9684A952765E6A048010A118F62959493C8B9233A8D300E6C330E0D0E70DDB33735D36AA9A9C52ACA1EBBAB99837AFF92C4A42105BFD43B947636D8A8115481AD581F65E5F47B676655749858577991A44499391D56A2318155AAABC1BBB4F9ADBC0EAA8E1BABDD3D33AC6A41F54351455834E3897E23E599DFF206D4FB8D76BE9DDF5ED2717EF4383FF36016ED54A654BC874FA444FA324A39E37A4AB4F3AD94CA93717C2CAFCEEDB4E482A2ECA4A20AAB6CC3D307F3AA5BF358699CCCAB66679DFE402CD571F471E8761AE9763A99EE32957AD9EE594C7BFC6158BD344FBDDDF34BE2B89B2E07FFE3255F7B457DC52D7F39787DCB1F2EC1FADED0993A4BD1AB57BC0EFC6A9676BF3FD82F55FFADA91BF32E5956F2D2EB77A4D507F0EC9CD35E66C15887E5DFD26BB2937C7ADA518294569A223D1BE13BBA0F592C6FE74928BD70BFF609BD72BF4BFAD279F90FE1C39A078D0F0000, '1', '3', null, null);
INSERT INTO `execution_flows` VALUES ('7', '1', '2', 'hdfs_to_mysql', '70', 'hadoop', '1631764851865', '1631764852300', '1631764852068', '1631764852288', '2', 0x1F8B0800000000000000B597DD6EE24614C7DF65AE518ACD67B8A3096CA9284465DB5EAC2234780E8B37638F77669C8446B9EA43EC2BEC0354551FA85A69DFA273C6C6D8C646B0626F226066CEF99FDFF9CF475E888CC35BAA810C88DB749DE6B5D3210D02CFE0C5DA17E13CC2BF8A0C5EC89AFA3C9630F4F017337D3C994D163F2D87D3E9F26EBE584C7E9C8ECCCA000221B7371BF01EC840CB181AE4630C314CE1113819341B24F223E07E08239363C2C8208C396F104F845E2C25843A496912A8073F321143A1FDF5761E8E7DA9F4381141066BCA15EC07A7F4706C97284D9DE451B1E78152A3C04C56F34790D267FB25698DC92819BCBB6F10E62BBAE2C0926F6B2E9EEEA8A401689088E5B5143299861F6F24502DA42984C19AC65C9352FC52761389FEF94057341C9B24BF9BF01683736598E96D04BB0AA8D61044DAB28C15C83B29A25449A8FED04AEDB82B4DA57EEB0766A5D36D39BD6EBBDF719BDD7E837043EB17C1FCB50FEC3713C268DC502604E2F6B39660ADD820B2616BB5D462196CD5479EB943C809C3721D53EF07B19AC73A8AF51B2E56945B4289A4341566DA4971FBEDDE75BFD3779D76323E2BC8C6B4D84A60BF8296DB248C8835CA4C84C511338E2D57D66A36AD8D986F8D1BFE2C560B4D756C0213CAF9326D93D12FF40664CED946FD9527457805CF9134532C77CC6A0616C684899A6C01369872901AD1DD424465606C6BB2FCF7EFDF5F3EFDF3F5AFCF5F3F7D26992F863835F52099CCC6736203E74A2C4636FBEB11C69CBECF80A41BEF208E51F8B8B3899BDBB477546FCC9CECBBFAA167724A888C21F765BFE656609B7B79F458367A3EDD1719D65D0B42C10005BF1C0E155A8504452C3D28DBE8CA8C901A8FBA9DEBBA26DB21BFD29421AB9C7C922392FD65E606010D19296E323F9CA5D512F6A4312735C6BFB7E2936037C3D9CD683A1DDD9A967C0B11C1D4928BF7C798386EB78E89D3EA9598A4F1AAA9386EEF1254B2E2C7C309566ECBCC40A10223843DB1A52DC7CAB9473AB530F66C530E350E68F72FDED454ABC6A6E6AB287AECBE621F54FB1725DA86E4FC52ED509C5963A35A5039B66C759C95E35E9855DE616C55E68592AC3275062CD4686115EAAAE18593CFE5B557751C96DBB930AC7241D59BA28C306FC61311A2F2D46F5903AAF9E1CCF3F9ED241DE7D7EA5E7C63E6ED54A4943F874FA484FA524A19E36A4A38F35C4AC59D719CD4C92F955349D9030AB3A38A32ACA20D4FE7852A0FAE95DA9DD96C5EE0422CD471F43A6CB56AAFC3CE6E3714A9545F86ADF6F7BF0CCB87E6A9A77B76481C7593F9F41D0FF9CA23EAFC53DE8A2C9FF2FB43B0BA37B8A6CA52F8F48A57815FCEE2F4BB9DDD50F9DF9A2ACBF6F1F2E5B4F0FC8EA4F8009E9E519C4B3428ED90EC577C263BF6DBF3161324B49214C9DAC8BCD17D4863795B8F43E1C17DE8137C72BFB57D69BDFE0F302E22DD8D0F0000, '1', '3', null, null);

-- ----------------------------
-- Table structure for execution_jobs
-- ----------------------------
DROP TABLE IF EXISTS `execution_jobs`;
CREATE TABLE `execution_jobs` (
  `exec_id` int(11) NOT NULL,
  `project_id` int(11) NOT NULL,
  `version` int(11) NOT NULL,
  `flow_id` varchar(128) NOT NULL,
  `job_id` varchar(128) CHARACTER SET latin1 NOT NULL,
  `attempt` int(3) NOT NULL,
  `start_time` bigint(20) DEFAULT NULL,
  `end_time` bigint(20) DEFAULT NULL,
  `status` tinyint(4) DEFAULT NULL,
  `input_params` longblob,
  `output_params` longblob,
  `attachments` longblob,
  PRIMARY KEY (`exec_id`,`job_id`,`flow_id`,`attempt`),
  KEY `ex_job_id` (`project_id`,`job_id`)
) ENGINE=InnoDB DEFAULT CHARSET=utf8;

-- ----------------------------
-- Records of execution_jobs
-- ----------------------------
INSERT INTO `execution_jobs` VALUES ('1', '2', '1', 'hdfs_to_mysql', 'hdfs_to_ods_log', '0', '1628473110941', '1628473110969', '70', 0x1F8B08000000000000008D524D739B3010FD2B1D4D6F3520C0B1815B8E3DB777CF222941893EA83EDA128FFF7B57D8493D06CFE4C208EDDBF7DE6ADF918CE08409A43B126FA3638274262AB521A3B3A34FD7F0F60A3D98FC49D93FB90FE042AEA552D20B660D470869CA8A6CD670930087F58A56E53A20482DDEAC4151F2E825143F0630CF03C85B349A79112C489ED8D6A9CE76B05ED30520F65A86E84532E3E3281C702DCD1D91DFC279690D42EF98C6D61892E5BAB90588BF82CD2617AD1772033A7506E1C39D39B4356140085D909FEB036E2995DBDB728CB332F09652D1EF335E362CDBEEAA6DD6F7F54306EC41ECF6943575CD6E5BD3676E1EF8933F047BD093FFA5D6F5394CABF2970115F8C0D21605EFA7CF3CF7550387F959CB5DD56CF765D5EEAB6A21F33F3778D2E3255D196D32DAFEA46D57375D4D734CE437DA749492D369F3116C92D613032ED71765F13EABE5FEA0EC73FE627B7215FB598DCBF4D6058C23B3BAF86E5053A9E2F16CE8FDF79A1519C234262D6CD08081DC7C9C90287A57F4D22CB4FDF0E5EB9187D3D5B45A68EBA69C0D82BDA6C4B82870987FB909B53CB0030000, null, null);
INSERT INTO `execution_jobs` VALUES ('1', '2', '1', 'hdfs_to_mysql', 'mysql_to_hdfs', '0', '1628473110949', '1628473110969', '70', 0x1F8B08000000000000008D524D739B3010FD2B194D6F3520C0B1815B8E3DA7F78C903645893EA83ED2108FFF7B56D84D3D18CFF4C208EDDBF7DE6ADF818CCC8109A43B106FA3E3403A1395DA90D1D9D1A76BF6F1CA7A66F26765FFE43E3017722D95921EB8350221A4292BB259C34DC01CD62B5A95EB8020357C5883A2E4C14B563C0ECCFC1A985CA2D1CC0BF02045625BA73AD9C17A4DAF00B1D732440FC98C8F233826B4343744DEC079690D426F98C6D61892E5BA5902E01DF86CF2AAF54C6E984E9D017CB83187B6260C08A157E4A7FA805B4AE576598E715666A2A514FA7D26CA8667DB5DB5CDFABEBECF18BF87DD9EF2A6AEF9B2357DE6E6413CFBA7609FF4E47FAB757DC1A655F9F3808AF9C0D31641F4D3FF3CF7458360F3B396BBAAD9EECBAADD57D595CCBFDCE0498FE77465B4C968FB93B65DDD7435CD3191DF69D3514A8EC7CD57B0495A4F0CB85C5F94C53C631A360D9DBFD89E5C847ED61232BD74C1C6915B5DFC30A8A854F170B2F3F7F7921319C23426256CD00CE3B8F93A2151F4AEE8A55928FBE10E79EEBE1D44385E4CAB415B37E57C00FE9A12E322E0309F2EC369F4B0030000, null, null);
INSERT INTO `execution_jobs` VALUES ('2', '1', '2', 'hdfs_to_mysql', 'hdfs_to_ods_log', '0', '1628740847244', '1628740847246', '70', 0x1F8B08000000000000008552CB4EC33010FC156471A3491C2B6DD3DE3872867BB5B11DE2E247F00348ABFE3B765A5045527189EC78766676778EA807CBB547DB23722658CAD156072917A8B7A677E9371CDEA0019DB7D27CE6CE83F5B912520AC7A9D12C425059976831871B38D8F84E30B901F042F183D151143D3A01C57307FAB503F1171DCDEC39F58225B579AAB39DF85EAD2780D028E183E3C94C07CC98FE86C007B74E189D3CCFAB28A1834F7631FE0BE05F9C8E0627A517720D2A557AEEFC8D1E94D1BE4BE4F5FC7B1737942630510861545EB1F57253352C030624AB560467F5B2E559BB629B96E08A6232614E9FB1B863ADDB79B353837B97F3FA0C8659F94B83129CA769839C35C37FA3BE023318475AAE485DAD37F5B22665753B2FF1A4FA4BAA325C67257929C916E36DB5CE63121F701D2FE8745AFC061AA5D5041F17EB0A52FCF46998DB49F39AEF4D83AEE23EAA3191E65C40DF53A38A271D35A52C1ECF867EAED7AC91C10F7DD28A050A621017BFA748149C2D1AA127DAAEBBBB3F327FBAEA567165EC90D38ED3B794161B786CE61B73ACC199A8030000, null, null);
INSERT INTO `execution_jobs` VALUES ('2', '1', '2', 'hdfs_to_mysql', 'mysql_to_hdfs', '0', '1628740847250', '1628740847251', '70', 0x1F8B08000000000000008552CB6EDB3010FC9580E8AD964411B22DFB9663CEC93D589154C5840F958F248AE17FEF527103C396918B408AB333B3BB732023786923D91F4870C97349F63669BD22A37763C8BFE1F3153AB065AFDD7B1922F8581AA5B50A923B2B1042EAB626AB25DC24C1E33BA3EC06202A233F9D4551721F14548F03D83F03A84B349A79913C2A91D596A9BEECE07BB3BD02A4CEA89882CC660610CE8D3704DEA40FCAD9EC7959C5289B62B64BE925407E483E1BBC2A3D915B30B932CA106FF4609C8D43266F97DF07DC509EC095424AB3F2466CD7BBA61305086045B361B468D7BD2CFA8DD8F58C369CB22BE6FC998B07D187E7E89ECD14FEEA657D01D3A2FCA9410D21F2BC4129BAE9A7519F8105CC23AD37AC6DB6BB76DDB2BAB99D173C99F194AA82B645CD9E6AB6A774DF6C4B4CE26FDAE2851C8FABEF4093BC9A1471B1A162D5DC5F6E34375CBEB88E9C857DD6122A4FB98271E4CE540F1615B5AEEEBFECFCBF9E7322439CC6AC8405063086ABEF1312A5E0AB4ED90BE530DC21CFDDAF8388C7B36E8D34CE4F251F247FCD69F1496233FF00D08D1D0BA8030000, null, null);
INSERT INTO `execution_jobs` VALUES ('3', '1', '2', 'hdfs_to_mysql', 'hdfs_to_ods_log', '0', '1629345648083', '1629345648085', '70', 0x1F8B08000000000000008552C94EC33010FD156471A3599BB6496F1C39C3BD1A2F108397E0050855FF9D715854B58DB84476FCE6BD37336F4F0670C204B2DD136FA363826C4D546A410667079F7EC3E70B5030F9A3B2EFB90FE042AEA552D20B660D470829AB862C2EE146010EDFEBB2AE2E0382D4E2D31A1425B75E4271DF8379EA419EA2D1CCB360417204CE507DDBC1F7A63D0344AA65885E24333D706B87198137E1BCB42679BEACA2A58921D92DCB5380F8106C32B89C2137A05365103ECCF4A0AD097D223F6F617AEF7143690267E6629C9469BBE2EB55C5325E57346B60D965B4594146D79BA6AE1BC1971D3B2D4D9FA9B8E78F7E17EC4E8FFE555DD6E73026F96EA641053EB0B441C1E9F8DFA88FC01CA69156EBBA6D365DBB6AEBB940A5BCE0490F3FA9CACA36ABBA87AADE96E5B669734CE24DD9E2851C0E8BBF4093B49A1870B1BE5816BF7D5AEE77CA3EE5CF9692A3B84F6A5CA63917300CCCEAE2CEA0A652C5EDB7A1DFEB312B328471485A58A00183B8F83B2151F4AEA0D29C69FBFEEA7ACFC3E1A85B2DB47563CE7AC15E525A5C14D8CC1712190635A8030000, null, null);
INSERT INTO `execution_jobs` VALUES ('3', '1', '2', 'hdfs_to_mysql', 'mysql_to_hdfs', '0', '1629345648088', '1629345648090', '70', 0x1F8B08000000000000008552CB6EDB3010FC9580E8ADD6D3B223F99663CEED3D583E5231E143E1A3AD62F8DFBBABB481615BE84520C5D99D99DD39B2098272891D8E2CFA1C846207978DD9B029F829D26F787F050EAE7C36FE57191384545A6D8C8E4A782711C2EAA6639B5BB85941C0F7B66E9BDB80A4AD7AF70E49D943D4507D1BC1FD18415FA251CC8B12494B04AEB4FA9083EF5D7F05C8DCEA94A322312348EFA715829F2A44ED1D69BECD62B5CB89E4D6F52540FD566211B85D69EEC052655231AD78B0DEA5919A5F5B58DE47DC104DE04A5CCE0B33EF7772BF6B4421DB86171D6C8782773B28F8FEBE6BDB4EC9ED202E4BE9B3148FF2393E25FF64E7F8666EF34B98897E5831682026411B5492CFFF1BF51958C232D266DFF6DDFDD0EFFA762D5094173CD9E96FAA8ABA2F9AE17BD31EEAFAD0F52526F16BDDE3859D4E9BCF40335A4D4EB8D8586DABC51F1925C3E58BE7EC2CEC0B97D434E50AA649785B3D3A6434A67AF890F3EF7ADE133BA47922262CB08031DC7C9EB0518EA1E2DA5D30C7F10EFBDC7D39CA743A736B95F5612EC5A8C42BA525648566FE00629C0A27A8030000, null, null);
INSERT INTO `execution_jobs` VALUES ('4', '1', '2', 'hdfs_to_mysql', 'hdfs_to_ods_log', '0', '1629950449071', '1629950449072', '70', 0x1F8B08000000000000008552CB72A33010FC952DD5DED680D02A187CCB31E7E4EE1292084AF460F548425CFEF71D914DD6659BCA859250CF744F4F1FD0C4BCB411ED0E28B8E4B9443B9BB4DEA0C9BB29E4DFECFD99F5CC968376AF6588CCC7D228AD5590DC59011084EB166DAEE166C93CBC134CEAEB80A88C7C771648D16D50ACBA1F997D1C993A47839827C9A312005C69F52107DE69770148BD51310599C58C4C3837AD10BC481F94B359F37516A36C8A592EC6E700F926F92290AE34B7CCE4CA28435C99C1381BC7DC7CC5CF1136941DB81097D2C2CC29A6831CEA82DE34A2A0E437297AD1F3622B3821A4E9866DC7CE4BF367291EC510F6D1EDCD1CFEE8EBFC82CDD99A666540CD42E4798352F4F377569F80055B2CAD1BD2D26DD7DEB4A4BEF0F07F5EE064A67FA92A705B90E6A1263B8C77B42B2189BF700B17743C6EBE028DF26A5284C5868A569F733A11F6DA3D964FAE4727715FD884CA3E576C9AB833D59D054EADABDB0F419FD7D3AED021CE53E68202C320889BAF13344AC157BDB217DC61FCF1F320E2F1645A238DF373C947C99F735A7C9230CC5F00F69A72A8030000, null, null);
INSERT INTO `execution_jobs` VALUES ('4', '1', '2', 'hdfs_to_mysql', 'mysql_to_hdfs', '0', '1629950449079', '1629950449080', '70', 0x1F8B08000000000000008552CB72A33010FC95942AB718105A05836F39E6BC7B4F094904397A103D7697B8FCEF19916CD6659BCA8592504F77CF4C1FD0C4BCB411ED0E28B8E4B9443B9BB4DEA0C9BB29E4DFECED85F5CC9683767FCA10998FA5515AAB20B9B3022008D72DDA5CC3CD9279782798D4D7015119F9E62C88A287A058F57364F67964EA1C0D66F692472500B842F56107DE69770148BD51310599CD8C4C3837AD08FC963E2867B3E7EB2A46D914B35D8CCF01F2AFE48B41BA426E99C9955186B8D28371368E997C659E236C284FE0C25C4A8B32A7980E72A80B7ADF8882921FA4E845CF8BADE08490A61BB61D3B2FCD9FA5781443788AEEC9CCE1555FD7176CCEA369561AD42C449E3728453F7F37EA13B060CB48EB86B474DBB5F72DA92F66F83F2F7032D367AA0ADC16A4F955931DC63BDA9590C43BDCC2051D8F9BAF40A3BC9A1461B1A1A2D5D25F6E34375CEE5D8F4EC2BE680995A75CB169E2CE548F1614B5AE1E3EECFCBB9E7202439CA7AC040586410C375F27204AC157BDB267CA61BC019E9BDB8388C7936E8D34CECF251F257FC969F1494233EFCB014754A8030000, null, null);
INSERT INTO `execution_jobs` VALUES ('5', '1', '2', 'hdfs_to_mysql', 'hdfs_to_ods_log', '0', '1630555250099', '1630555250100', '70', 0x1F8B08000000000000008552CB52843010FC152BE5CD05020B0A7BF3E859EF5B93C74A340FCC43C5ADFD77137CD4964079A112D2D3DD33D3473480E5DAA3DD1139132CE568A783941B345833B8F41B3E9E8180CE0FD2BCE5CE83F5B912520AC7A9D12C4210AEAFD166093772B0F1BDC255B90CF042F10FA3A328BA75028AFB1EF4630FE22F3A9A79E2D40B16812B545F76E27B8367804094F0C1F164A60766CCB022F0CAAD134627CFCB2A4AE8E0935D3C53E1EF9C4E069B15720D2A557AEEFC4A0FCA68DF27F26EF9BD8F1B4A1398990B615286B684036CB719399032AB6BD6651D856DD6404530694AB2ADE9DFD2F4998A7B76707B6FF66A742F72599FC198DCCDE4BF1B94E03C4D1BE48C8CFF8DFA0CCC601A69795DB5F54DD7366D55D6EB798927357CA72AC35D86AB87B2DA61BC6B701E937885DB7841A7D3E637D028AD26F8B8585734C54F9F86B9BD348FF99321E82CEE931A1369CE050C0335AAB8D35153CAE2F6CBD0CFF59C3532F871485AB140410CE2E6F7148982B305117AA6EDFA8BCB23F3A7B36E1557C68E39ED397D4E69B181C7663E0187D6F89EA8030000, null, null);
INSERT INTO `execution_jobs` VALUES ('5', '1', '2', 'hdfs_to_mysql', 'mysql_to_hdfs', '0', '1630555250103', '1630555250105', '70', 0x1F8B08000000000000008552CB6EDB3010FC9580E8AD9644C9522AF99663CEE93D583E5C31E143E5A3AD62F8DFBB54D2C0B025F42290E2ECCCECEE9CC8045EDA480E27125CF25C92834D5AEFC8E4DD14F26F787B0506B63C6AF7BB0C117C2C8DD25A05C99D150821B4BD27BB35DC2CC1E37B439B7A1D1095916FCEA22879080AAAA711EC8F11D4351ACDBC481E9540E006D5BB1D7CEFE80D2031A3620A329B194138376D08FC923E2867B3E77515A36C8AD92EBD51917F245F0C761BE4164CAE8C32C48D1E8CB371CCE4C3FAFB881BCA13B83197D2A20C7D0D47D8EF0B766475D1B66228060EFBA2838651D6D56CDFF2EBD2FC598A47710CCFD13D9B39FCD4EBFA02E6ECEE46FEA3410D21F2BC4129D8FCBF515F80052C23ADEF9BBEFD36F45DDFD4ED765EF064A68F5415742868F3BD6E0E941E3A5A6212BFD21E2FE47CDE7D069AE4D5A4888B0D55572DFDE54673C3E58B63E422EC8B965079CA154C1377A67AB4A8A875F5F06EE7DFF5921319E23C65252C308031DC7D9E9028055F3165AF94C378873C775F4E229E2FBA35D2383F977C94FC35A7C52789CDFC059F85F538A8030000, null, null);
INSERT INTO `execution_jobs` VALUES ('6', '1', '2', 'hdfs_to_mysql', 'hdfs_to_ods_log', '0', '1631160051116', '1631160051118', '70', 0x1F8B08000000000000008552C96EDB3010FD9582E82DB644A9966DF99663CFCDDD182E8A987051B8B4510CFF7B87CA02C39610401038E49B796F66DE890CE0A58DE47022C125CF2539D8A4F58A0CDE0D215FC3DB3330B045A7DDBF2244F0B1304A6B152477562084D05D455673B85182C7F79AD60B80A88C7C731649C97D5050FEE9C13EF6A0AED128E649F2A80402174ABDCBC1F7E616909851310599C5F4209C1B1608FE4A1F94B359F33C8B5136C52C97D26B807C957C12B85D286EC1E4CC28435CE8C1381BFB5CBC9D7FEF7143790237E2529A9859D3D00A64BDDE76B45B6F5AFE6BCD1A0C65D7325E0BB68316AE53F36F4AEE45178ED11DCD185EF43CBF807156DD47831A42E4798352B0F1BB515F80054C23ADB6F57EB36BF7CDBEAE36CB7EC193193E5CB5A62D7E0F557DA0F4D054053AF18EEE3120E7F3EACBD024AF26455C6C28B7E5679F4E84A3768FC59363E4C2EE139B5079CE250C0377A6FC6D9153EBF2FE5DD0677859152BC471C85C9860008DB8FA3A61A1147CC994BDE10EFD8F9F2711CF17DD1A699C1F0BDE4BFE9CDDE293C466FE038148BCF8A8030000, null, null);
INSERT INTO `execution_jobs` VALUES ('6', '1', '2', 'hdfs_to_mysql', 'mysql_to_hdfs', '0', '1631160051123', '1631160051124', '70', 0x1F8B08000000000000008552C96EDB3010FD9580E82DB644A9966DF9E663CEEDDD182EAA987051B8B4550CFF7B86CA02C39110401044F1CD5B66E64C06F0D246723893E092E7921C6CD27A4506EF86907FC3CB1330B045A7DDBF2244F0B1304A6B152477562084D05D455673B85182C7FB9AD60B80A88C7C711645C93128287FF560FFF4A06ED168E651F2A8040217A8DEECE07DF315909851310599CDF4209C1B1604FE4A1F94B3D9F3BC8A5136C56C97D25B80FC2FF96470BB406EC1E4CA28435CC8609C8D7D266FE7EF7B9C50EEC01773294DCAAC696805B25E6F3BDAAD372DFFB9660D1E65D7325E0BB683166E4BF36B2AEE45174ED19DCC189EF5BCBE8071D6DD7B400D21F23C4129D8F85DABAFC002A69656DB7ABFD9B5FB665F579BE57DC12F33BC6FD59AB6F8FCAEEA03A587A62A7013EFE91E0FE472597D2E34C9A34911071BCA6D39E5CB4173E0E2D13172B5EC939650B9CB250C0377A67CB0A8A875797CB3F371BCE64486380E59090B0CE01AAE3EBF9028055F32656F94437F873C773FCE225EAED21A699C1F0BDE4BFE94B7C52789615E01ADF0B104A8030000, null, null);
INSERT INTO `execution_jobs` VALUES ('7', '1', '2', 'hdfs_to_mysql', 'hdfs_to_ods_log', '0', '1631764852126', '1631764852127', '70', 0x1F8B08000000000000008552CB4EC33010FC156471A379B9499AF4C69133DCAB8DED10831FC10F2054FD77ECF05045137189EC78766676778E6804C39443FB23B2DA1BC2D05E79213668347AB4F1377C3C43072AED857E4BAD03E352C985E09611AD6880A0BCDAA2CD126E6260C23BCE71B10C705CB20FAD8228BAB51CB2FB01D4E300FC2F3A987962C4711A802B545F76C27B852F00BE93DC79CBA29901A8D6E38AC02B33966B153D2FAB48AEBC8B76F3FC2F80BD33321BDCAD902B90B1D231EB567A905AB92192B7CBEF43D8509CC08539EF6765A8DAB2EDB75D02B46E92129336E9C8AE4A685FF45BDCD392D617A5F133170FB4B707A70F72B22F62599FC214E5EB9506055847E20619EDA6FF467D06A6308FB4A87153EEDAA66A7051AEE7259CE4F89DAA246F93A27E28F03ECFF7154E43126FF2265CD0E9B4F90D348AABF12E2CD666BBECA74F4DED41E8C7F44977E82CEEB31AE571CE198C23D132BB53415388ECF6CBD0CFF59C3530B8698C5AA1404208E2E6F71488BC3559C7D585B61DAEAE8FD49DCEBA954C6A33A56460E439A6C578169AF9047D66D296A8030000, null, null);
INSERT INTO `execution_jobs` VALUES ('7', '1', '2', 'hdfs_to_mysql', 'mysql_to_hdfs', '0', '1631764852133', '1631764852134', '70', 0x1F8B08000000000000008552CB6EDB3010FC9580E8ADD6D3922CF99663CEED3D589154C5840F858F368AE17FCF5279C0B025F42290E2ECCCECEE9CC804966B4F8E27E24CB09493A30E52EEC864CDE4E26F787B861E743A48F32F751EAC4F959052384E8D66082179BD27BB35DCCCC1E27B9997C53AC00BC5DF8C465172EF0464BF46D07F4610D76834F3C4A9170C811B541F76F0BD2E6F00A157C207C7A399119831D386C05F6E9D303A7A5E575142071FEDE6F93580BF72BA183C6C906B50B1D273E7377A5046FB319277EBEF236E284EE0C65C088B32D45DD50DFB3E01D6B44955D22EE9E9A14ED8500CFB7260156B6E4AE367291ED9E01EBD7954B37B91EBFA0CE628DF6C3428C1791A37C8593FFF6FD4176006CB488BA66CAB43D7D66D5954DB79C1939A3E5395E45D5234BF8BF298E7C7BA4C31893FF3162FE47CDE7D079AC4D5048F8B75D9215BFA8B8DC686D327D3938BB02F5A4CC42967304DD4A8EC41A3A294D9FD879DAFEB252732F8798A4A58A00063B8FB3E21517036EB85BE5276E31DF2DCFD38317FBEE8567165EC9CD291D3E798161B3836F30E827A0FEAA8030000, null, null);

-- ----------------------------
-- Table structure for execution_logs
-- ----------------------------
DROP TABLE IF EXISTS `execution_logs`;
CREATE TABLE `execution_logs` (
  `exec_id` int(11) NOT NULL,
  `name` varchar(128) NOT NULL,
  `attempt` int(11) NOT NULL,
  `enc_type` tinyint(4) DEFAULT NULL,
  `start_byte` int(11) NOT NULL,
  `end_byte` int(11) DEFAULT NULL,
  `log` longblob,
  `upload_time` bigint(20) DEFAULT NULL,
  PRIMARY KEY (`exec_id`,`name`,`attempt`,`start_byte`),
  KEY `ex_log_attempt` (`exec_id`,`name`,`attempt`),
  KEY `ex_log_index` (`exec_id`,`name`),
  KEY `ex_log_upload_time` (`upload_time`)
) ENGINE=InnoDB DEFAULT CHARSET=utf8;

-- ----------------------------
-- Records of execution_logs
-- ----------------------------
INSERT INTO `execution_logs` VALUES ('1', '', '0', '2', '0', '7375', 0x1F8B0800000000000000ED59416F1B4514BEF32BDE2D97C4F13A11A4BE594E0CAE2253C5451542C81AEF8CE36976679699D998142195AAAA44101288031237240427385640E1DFD44D7F066F66BD4ED6314E26DE3441428A0FD99DFDDE7BDFF7CD9B99DDEA9DB5EAD65AAD5A0BA07AA7BEB155DFA842B37B1F8674A07B46F6E223FD4904ED4EEB7D588350316218B04F59981AA9BA4C1DF29055DC8536AD076F5597476B49D51CB2F080295D12F03DC5A5E2E668C9745BCC84432EF6E1A1EC031114F490284621513261CA70A62B7E80423F305AD7C1A894ADC22092A37B4491B833B92CD2289A5CC6081D3DB257EDC54B4679D0D8EBD828D2008F9388C54C18CF0C1B5AF37D8135E654421D746C36EB416DA3E649DF5E2A8465CF427124DF55562F0E452A1FB2D0D46B7088F273297C35FA20A1C4D8285C70C349E48200E50A51A53AF22CBF6B8872681645FB3DDB279AB56CF09912576786E7B4B844570AF7563CD36D4A31E0FBA9B2708D4707A44F04C4CC281E6AF418090F5C1C14110DAC302C5320FB966F4F56D27ECC8DC967C2346749752F92FB2B602420BC67F2BB1273E311838498619E651D66C081E3C458274912CA78BD2DB42151B43EA935FF37F32A9A47AF07EB3D44A9049519980AFEFE13DCBA9B76941D7D45669BAE1BD28C5DA48E098AD94D729D25B814D10A595F55B202C815045B587501DC0FF82E3EEE1A03A3E7ECE98744225C366C3A9623F8E863979920313B6FFB04571A61B22651C05A22F7253858907951FB92F2EE4820C69070183B342BE9BFF81746B8D21BE63B4716042816B4003E58B0214995E38184861F3230433427D5B89856FD7006B8ACE921BA5A487ADE257E5877E79037C51F719CCF38374DAAA1D568EFEE6CE38A0A55D02C9482CE73CB8248DDDD068C7FFBE1D5F7CF5FBE78313EFE71FCEDF1EB5F7F1EFFF4F4E49B67E3BF1E8F7FF96A75FCF777E32FBF7E7DFCE4E4C91F27C7CF5F3DFEE2E5EF7FC2679F4F827BC66359072DDEC4DE9981F55AED4EBBFB5EBBF3AE1F2C6549C7D23E4B5A46537DCA93DE66AEDB08137171D02268269C6D031269E61710D71CCA6D5704FCB356CC2361CBECE9340C9976F38F1D922875CD0E6B74719C796D7E084947B4A7ED9CF7B78819227A367789863E63020E7884E500C2D3BC4AB0659E8E18B88257B387ED72302F0F345814E178088908198EF764C63D15599157E6C1AF004D996523B15B7F604A493577777E09B9CFE0D35309F6761ADB1F96A8F53575888B7AFC05FDA1D8FBFEEF0E97B04B91B2DBDA1BCEF630DABF89AE50CCA0C47E50042EB313CCA49C33DE6C749A3BBB0BE4B5E7FB9BEAFC37236EB1675E4BAF2F57DAF94DFE1A949D13F07451BCBD8EB279BA743D9B7B39763A8D5EA2974E41CB34D299546FB39A13F3CD7B3BF106D4CCA397AA660E5AAE9AD3546FB39AC64212DF8D57596AE6D14B5533072D57CD69AAB757CD8BDE92BCB18D59065DFEBE2C7BB5BD8CAC930F1B85F7C3D91D2CC17EEE702C33CDA8A751F2A3C1BC77F1F979677A5058E2C8D37207291B294D5CB00A344684BBD8F7998AB920D640570145B1ED57073F262FFC447409CED05C60789C99D8111858AE82B76B5B9BEF6C044150AB6DFA21EB616AA81C09B4667E208644CA6875D161F91FE22CC834CF1C0000, '1628473111228');
INSERT INTO `execution_logs` VALUES ('1', 'hdfs_to_ods_log', '0', '2', '0', '2124', 0x1F8B0800000000000000AD95CF6FD33014C7CFF4AFF0814327112B69BAB68904136CADD8B4B1A9FBC1619A2AA771DB6CA91D1CA75B3970E00412D238808404974993401C2A6E08D0E09F19DDF65FF09CB690752BB46C87AA8EEDF7F93EBFE7F7AC5B9A5ED0327AC640BA659B05DBD4D1ECEA1A6AB8B5B0227985BB61C5E77534FFA0B48C34B42A89901EABA36DEE5CD8432432729942366F1A866E658D943E195C311736961011F5D046DA1C79BC431CC270CDE7BB9E7B7B60D56C878FFCC432DDA35558361253404A18F4652675270AA9C092E340F0BD36FAB9FFB4FBFA53F7DDC7D3CEF793A3CE2D74F6EDCD69E7F0F8E8C7C9AB0F67075F4EDE76BAFB2F8FBF1EC267F7D9E7EEF3F7A7072F5018055410B7E9B149D5EF459EEFAA485779B349981B47471D35925C603436AE582E2F978157229E4F5D24397214F91C0ED5E07749466779043B1997A8E681072D223CE2F8144EE584D29391F4388B6D072BE9700A6DF61DD6EEB872EB5ADC94ED80A612A955DF78813B6BF0BF4418A95351DCABD240B963FFD7415337E0EEFE5D01C734982BF659E9A1F56DD222B699CF4EA1279B7D94A642C199A6E369ACC30661CF6C9D93527E91205052E58831A004820644509848FF998CD139CB84E00EC8CA52830BDAA26212FC763CBA0FE981640D0958F9CCD5055C0E8361F2B4790DAE8B8BDCACA58FCB55FB315C581F5739AB46425026F15A4350E2AE70EE0F92AA541E72B14345FA92C558D430B216A8CED8062E60BD9231321329DCECE1E3E38C92C865B223157CC2EA7D6C82D1B3CB670BC376B304DA988B9CB6FD3BB4CAC710AF3397425553774570E851B29D28A16BA8FB642E7B824A275C8F878286DC6FD18DBE7599063EA9D226042C9DD8151F093A47AFA0A096041D7D5F4669C43317A846CE1C8B7AA556306DFEB315608C511E35C187891B254822C83FAAF5DA5DAF6FA8F74236A86A7178D207A7E4312F6C8CF7B6E72CB4EBC9060A259151884A77E7178B73A95FAE2096704C080000, '1628473110978');
INSERT INTO `execution_logs` VALUES ('1', 'mysql_to_hdfs', '0', '2', '0', '2098', 0x1F8B0800000000000000AD95CD6E133110C7CFE4297CE0904AACB51F69925D092A6813D18AD22AFDE050559537EB24DB6EECC5EB4D130E1C388184540E2021C1A552251087881B0254789992B66FC17893429A12C8D21EA278C79EDF7F3C638F755BD38B9AA99B06D26DC72A3A968E66575651B3133D0CB624DF6A78B508CDDF2F2F210DAD4822A4CFEA689BBB232B884446DE2CE60A9661E876CECEE869C08AB7B0BE8888A8470ED2E6C8A31DE212866B01DFF5BD9B6AA972497C87A6699B5661DA183201092CE744D28512475460C9712878BB837EEC3DE9BDFAD87BFBE1A4FBEDF8B07B039D7E7D7DD23D383AFC7EFCF2FDE9FEE7E337DDDEDE8BA32F07F0D97BFAA9F7ECDDC9FE7314C52115C46BFA2C9DF69DD80F3C95DF2A6F3609F392BCA84DC6920B8C2684952A95A50AD0CAC40FA8872447AEE29E83A11AFC2E547196C7B08E71896A3EA8B788F0891B50D88F1B495FC6D2E72CF13C9BC94653686310AC76CB939B5710A2EC843433544EF58D17B8BB0AFF8B84913A15A57695862A18E73F3699B90667F5EF7C9CB0C0561A90B223F3DBA4451CAB909B428F3706284DA581334DC7D3588705C299D93C27A5A22261A8A42A31634009050D89A060C8FE3626E8BC6D4162CFC8CA538363D9A2220D7E3B19DD85D240A14604EC827979018FC360943C6D5D41E8E2223767EB9372D57A0C8735C055CEAAB1109449BCDA109478CB9C076745552A0FB8D8A122FB87C944D4307236A8CE38062E627DCB34CC540AD7FBF8643BE324F2666EAC4240587D801D62F4FD0AB9E2A8DF2C81E6E521B7E3FC4AAD8A31C26BCCA370A3A9B72C387426D919BA405770E7876BD917543AD15A321434E2418BAE0FBC2B340C4895362161D9A155C996A06BF42F14DC2541C79F97711A89E502D5C85B13512FD50AA6AD7FB6028C312AA026C490B249822082EAA35ABFD5F5BB867A256483AAF686D33D32659FF9516392573C6FA35D5F365024898C2354BE3D7FAF3497F909004234BD32080000, '1628473110978');
INSERT INTO `execution_logs` VALUES ('2', '', '0', '2', '0', '7375', 0x1F8B0800000000000000ED59CF6F233514BEF357BC5B2F6D7E0C15AD728BD206B2AAC2AA59B4420845CED869BC9DB107DBD35010D2B2424814218138207143427082E30A58F86F36DBFD3378F664D24E1AA27532A541426A0E9DF17CEFBDEFFBFC3CF6D4839DDAFE4E500BEA500F1AB55A63770F5ABD0730A243DD37B21F9FEB0F22E874DB6FC30E848A11C3807DC8C2D448D563EA8C87ACE22E74682378ADBE3E5A5BAAD68885A74CE99280EF2B2E1537E76BA6DB66261C7171028FE40088A0A04744310A8992095386335DF10314FAA1D1BA0146A56C1B86911CDF278AC4DDE9659146D1F43246E8EAB1BD6A2FBE629487CDE3AE8D220DF0388958CC84F1CCB0A9353F1158634E253440C766B7510F5E0FEA7E58C7A910963D0BC5917C5759A33814A97CC442D3A8C319CACFA5F0D5E89D841263A370C10D27910B02942B4495EADCB3FC9E21CAA15914EDF7EC8068D6B6C1E74ADC9E1B9ED3E212DD2ADCDBF24CB725C5909FA4CAC2353F3A250322206646F150A3C74878EAE2A08868608561990239B07C7BB2920E626E4C3E1366394BAAFB913CD9022301E13D933F92981B8F1824C48CF22C1B30070E1C274695244928E36A476843A2A83AAD35FF37F32A9A4757836A1F512A41650EA682BFFF04B7EEA61D6547AFC86CCB75439AB18BD4314131BB69AEF30497225A21EB55252B80AC20D8D2AA0BE07EC0F7F071D71818BD614F3F2412E1B261D3B11CC17BEFBBCC0489D94DDB27B8D20893358902D61AB9AFC1C192CC8BDA9794775702318684A3D8A15949FFC1BF30C695DE30DF39B22440B1A0D5E0C354391E4868F81903334273528D8B69CD0F6788CB9A1EA1AB85A4375DE2EF8579F266F8638EF319E7A64935B49B9DA3C3035C51A1069A8552504FB7F48E9A30F9F5FB17DF3D7DFEECD9E4E287C937172F7FF969F2E367975F7F3EF9F3F1E4E72FB7277F7D3BF9E2AB97174F2E9FFC7E79F1F4C5E34F9FFFF6077CFCC934B8673C9675D0E24DEC9D1958BFDDE9767A6F75BA6FFAC15296742DEDF3A4653435663CE903E6BA8D301117A76D8266C2D936249166DE6B0EE5B62B02FE592BE691B065F6751A864CBBF9C7CE4894BA668735BA38CEBC363F84A463DAD776CEFB5BC48C103D9BBB44C3803101A73CC27200E1695E25D832AF460C5DC1DBD9C376395894071A2C8A703C8444840CC77B32E39E8AACC85B8BE0B780A6CCB291D8577F604A49E5FB767E4B73768DAE9B1BF05AC5F4CA14C787CD83774B74DFBD1BBDEFFFEEF00AE21429DBD4DE70BD87D1C15D7485620625F6832270199D6051E3BF36F15ACD6EEBF06889BC767F7F579DFF6EC42D76A85BE9F5E54ABBB8A5DE82B20B025E2D8A9BEB289BA74BD7B3B99763A7ABE8257AE90AB44C235D4B7593D59C9ACFF374A22C35F3E8A5AA998396ABE62CD54D56D35848E2FBE255969A79F452D5CC41CB557396EAE6AAB9C62949B92F661974F9EF65D9D1F63AB24E3F6C14CE87B33B5882FDDCE158669A51DFF3FEE9D660D1597CBEDF996D14D6D8F2B4DD46CA464A1317AC02CD31E12EF603A6622E8835D02AA028B6FDEAF0EF7D22CA39437381E1716662476060B9AABF11ECEFEDD6F677F776833D3F643D4A0D956381D6CCB7DF9048196D2FDB9AFF0D5B369688CF1C0000, '1628740847430');
INSERT INTO `execution_logs` VALUES ('2', 'hdfs_to_ods_log', '0', '2', '0', '2120', 0x1F8B0800000000000000AD95CF6FD33014C7CFF4AF78070E9D44AC24CD9A36124CB0B562D3C6A6EE078769AA9CC66DB3A571709C6EE5C081134848E30012125C264D0271A8B82140837F6674DB7F819DB690752B346C87AA8EEDF7F93EBFE7F7ACE98A5A507455D740D32D55B50C136657D7A0E9D4C32AA755EA84558F3660FE4179191458E59871D76FC036B52FECC11CB4BC5E300DB56098BA6164B47470C95CD85802CC1AA105CA1C7EBC836DECA3BA47775DE7F6D0AAD5091F798965B2476A62594F4C0952C2602093D69D28240C718A0246F73AF073FF69EFF5A7DEBB8FA7DDEF2747DD5B70F6EDCD69F7F0F8E8C7C9AB0F67075F4EDE767BFB2F8FBF1E8ACFDEB3CFBDE7EF4F0F5E40133B94066995EF45AEE7C828D768AB857D278E8C3C66C429433031AE54A92C5704AF8C5D8F38C029D8927C0E0775F1BB249BB334123B7DCAA1EE0A0FDA98B9D8F60884911D729747DCA57E6C3B5CC98653B0397058B9E3F0AD6B719377029249A4557EA3056AAF89FF25ECE30661A5BD1A09A43BD67F1D347343DCDBBF2BA09826E64A035676647D1BB7B195338D2978B23940293214D45754348D54B18159335BE7A4A45F3808A45425F27D4109180930236222FB673246E78B3911DC21595A2AE272B6094B83DF8E47F7457A44B246048AA67E7501878AC128793A770DAEB38B5CA3A84ECA95FB91B8B01EAA51BF1631467C8ED69A8C606785526F9854A9F290B21DC2B2972CC6A29A661485EA8CA5A10252ABBAA6A752B8D9C7C7C7192791D78DB10A1EF61B036C82D1B7338DC2A8DD2C162DCC01BB63FD0EADF43144EBBE434455136785D18030DE4994D035D47D32977D41A913AEC7434642EAB5C9C6C0BA42020FD7484B042C9BD8151F49748E7E41895A6264FC7D19A711CF5CA06AF9DC44D42BB582E9DC3F5B0142084C68091F52374A210922FF50EFB7BB7EDF90EF056F12D9E250DA07A7ECFA6ED89CF05DCFC3AECB9B1072CCA310CA77E7174B73995F015921CD48080000, '1628740847249');
INSERT INTO `execution_logs` VALUES ('2', 'mysql_to_hdfs', '0', '2', '0', '2094', 0x1F8B0800000000000000AD95CD6ED34010C7CFE429E6C02195F0CA769C2F4B50419B88569456E90787AAAA36F12671EB78CD7A9D361C38700209A91C4042824BA54A200E113704A8F032256DDF82592785342510D31EA2AC67777EFFD999DD59C3D4F48266EAA6018669EBBA6DE5616679055A9DF0A1B729F966D3A9873077BFBC081A2C4B2AA4EB37608B574756500946CE2CE42DBD60E5CDAC9E329280156F7E6D01A868843668B3F4D136AD529FD43DBEE33A37D552E512FB0E4DB35D56C36973C88424B49C1349164A143241242781E0BB1DF8B1F7A4F7EA63EFED8793EEB7E3C3EE0D38FDFAFAA47B7074F8FDF8E5FBD3FDCFC76FBABDBD17475F0EF0B3F7F453EFD9BB93FDE7D0A40EE74132DD3B91EB392AB735DE6A51DF8973A23618492E084C082B552A8B15A495A9EB31072487AAE29E83411D7F172A38C3235CE773097517D5DB54B8B4EA3108A36A285D194997FBB1E7D94C3A9C82F541B0DA2D476E5C4188B213B0D45029D53799E7D515FC5FA03E6D3051DAADB1400563FFC72653D7F09CFE9D4F6216DA4A03527A647E8BB6A99DC95B53F0787D80D2541AB8AFE9244B745C20ECE98D73522A2A1A044AAA12F93E5202C1022A181AD2BF8D313A57CC6062CFC8CA53C323D96622097E2B1EDDC5D260A146048A79F3F2020EC7C128399BB982D0C545AE55D427E5AAF5040FAB476ADCAF4542305F9295A660D459E2DC3B2BAA5279C0C53613E93F4CC6A28661155175DA364881E89BA6612652B8DEC7C7DB19279133ADB10A1EF51B03EC10A3EF97B70AA37E33141B9703D58EFD2BB52AC690ACFA0EC31BCD9C25C103266467E8025DC19D1FAE655F50E984ABF150B0907B6DB636F0AEB0C0A335D6C284A58756C55BC2AED1BF507897041B7F5EC669C4960B54239799887AA95690CDFCB3151042200F2D8C2161934441C0EA43BDDFEAFA5D43BD12B2C9547B23C91E99B2EBBB6173A217DC801D57362194544621946FCFDD2BCDA67E02D0A0194E2E080000, '1628740847253');
INSERT INTO `execution_logs` VALUES ('3', '', '0', '2', '0', '7375', 0x1F8B0800000000000000ED59CF6F1B4514BEF357BC5B2E8EE31F214AF7663931B88A4C95145508216BBC338EA7DE9D59666663528454AAAA124148200E48DC90109CE0580185FFA66EFA67F066D6EB641D1375E20D0912527CC8EEECF7DEFBBE6FDEECCCD6EFACD7B6D71BB5461DEA8DA0560B36B7A17D701F4674A8FB46F6E363FD7104DD5EE73D588750316218B04F58981AA90E983AE221ABBA0B5D1A34DFAAAF8ED691AA3D62E198295D12F03DC5A5E2E678C5743BCC84232E0EE1A11C001114F488284621513261CA70A6AB7E80423F305A076054CA2A308CE4E41E5124EECD2E8B348A669731424F4FEC557BF10DA33C68EDF76C146980C749C462268C67862DADF9A1C01A732A21001D9BCDA0DE6836EA7E58FBA910963D0BC5917C5759501C8A543E64A109EA7084F2732982865F90F7134A8C8DC205379C442E0850AE1055AA63CFF20F0C510ECDA268BF670744B38E0DBE50626561784E8B4B74AD706FCD33DDB614437E982A0BD77A34260322206646F150A3C748387671504434B0C2B04C811C58BE3D5949073137269F09F39C25D5FD481EAE819180F09EC9EF49CC8D470C1262467996012C8003C789B141922494F146576843A26863566BFE6FE655348FDE686EF411A5DAAC2EC054F1F79FE0D6DDB4A3ECE82B32DB76DD9066EC22754C50CC6E96EB22C1A58856C8FAAA921540AE20D8A55517C0FD80EFE2E3AE31307AC19E7E4824C265C3A66339820F3F72990912B38BB64F70A511266B1205AC15725F81834B322F6A5F52DE3D09C418128E62876625FD07FFC204577AC37CE7C825018A055D0D3E4C95E38184861F3130233427D5B898D6FC7086B8ACE911BA5A487AD125FE5E58246F8E3FE1389F716E9A5443A7D5DDDBDDC115156AA0592805F574CBC15E0BA6BF7EFFEABBE72F5FBC989EFC30FDE6E4F52F3F4D7F7C7AFAF5B3E99F8FA73F7F5999FEF5EDF48BAF5E9F3C397DF2FBE9C9F3578F3F7FF9DB1FF0E967B3E09EF158D6418B37B1776660FD4EB7D73D78B7DB7BC70F96B2A467695F242DA32998F3A47798EB36C2445C8C3B04CD84B36D4822CDBCD71CCA6D5704FCB356CC2361CBECEB340C9976F38F1D912875CD0E6B74719C796D7E084927B4AFED9CF7B78819217A36778986016302C63CC27200E1695E25D832CF460C5DC195EC61BB1C2CCB030D1645381E42224286E33D99714F4556E4B565F06B405366D948ECAB3F30A5A4F27D3BBFA639BB42D7CD0D78AE627A668AFDDDD6CE0725BAEFEE85DEF77F777803718A94DDD6DE70BE87D1C14D7485620625F6832270199D6059E33F37F1DAAD5E7B77EF1279EDFEFEA63AFFCD885BEC50D7D2EBCB9576794BBD066597043C5B146FAFA36C9E2E5DCFE65E8E9DCEA297E8A533D0328D742ED5DBACE6CC7C9EA71365A999472F55CD1CB45C35E7A9DE66358D8524BE2F5E65A999472F55CD1CB45C35E7A9DE5E3557382529F7C52C832EFFBD2C3BDA5E45D6D9878DC2F97076074BB09F3B1CCB4C33EA7BDE3FDB1A2C3B8BCFF73BF38DC20A5B9E8EDB48D94869E28255A13521DCC5BECF54CC05B106BA0A288A6DBF3AFC7B9F8872CED05C60789C99D811D8B45CD5B71A779A9B6F6F6D6E3736B7FC90F52835544E045A33DF7E43226554B96C6BFE3785F202D9CF1C0000, '1629345648248');
INSERT INTO `execution_logs` VALUES ('3', 'hdfs_to_ods_log', '0', '2', '0', '2120', 0x1F8B0800000000000000AD954B6F133110C7CFE453CC81432AB1D6BEF25A092A6813414569953E385455E4CD3AC9B69BF5E2F5A60D070E9C40422A079090E052A9128843C40D012A7C9992B6DF027B93C0366D204B7B88E2B53DBFFF78C633D64A8A5A547455D740D32D55B5CC22CCADAC42CB6984354E6BD4096B1E6DC2BD07952550608563C65DBF095BD43EB70773D0F27AC9307379B3A8168D8C960E2E990BEB8B805933B44099C78FB7B18D7DD4F0E88EEBDC1C59B5BBE1232FB14C76495D2C1B8929414A180C65D2BA138584214E51C0E86E177EEE3DEDBFFED47FF7F1A4F7FDF8B077034EBFBD39E91D1C1DFE387EF5E174FFCBF1DB5E7FEFE5D1D703F1D97FF6B9FFFCFDC9FE0B686187D220ADF29DC8F51C19E53A6DB7B1EFC49191C78C386508A6C695ABD5A5AAE055B0EB110738055B92CFE0A0217E1764738E4662A74F39345CE141073317DB1E8130B243EEF288BBD48F6D472BD9700636860E2BB71CBE79256EF26E403289B4CA6FB440ED55F1BF887DDC24ACBC5B278174C7FAAF8366AE897BFB770514D3C45C79C8CA8EAD6FE10EB68C8239034F368628458682FA8A8A7248151B9835BB79464AFA8583404A5523DF1794809100332226B27F266374BE6488E08EC8D2521197B343581AFC563CBA2BD223923526502AE8971770A8188C9373C615B8CECE73CD923A2D57EE47E2C27AA84EFD7AC418F1395A6D31829D654ABD5152A5CA43CAB609CB5EB0188B6A9A5912AAB396868A48ADE99A9E4AE1FA001F1F6792445E37272A78D86F0EB109C6C0AE6016C7EDE6B068610ED85DEB7768A58F215AF31D22AA9A38CB8C0684F16EA284AEA0EE93B91C084A9D702D1E321252AF43D687D6551278B84EDA2260D9C4AEF848A2730C0A4AD4122393EFCB248D78E61C55CB1B53512FD50A72C63F5B0142080AD0163EA46E94421244FEA131687783BE21DF0BDE22B2C5A1B40F4EC5F5DDB035E5BB9E831D97B720E4984721546EDFBB5F9ECFFC02C3BCE27748080000, '1629345648088');
INSERT INTO `execution_logs` VALUES ('3', 'mysql_to_hdfs', '0', '2', '0', '2094', 0x1F8B0800000000000000AD95CD6ED34010C7CFE429E6C02195F0CA769C2F4B50419B88569456E90787AAAA36F12671EB78CD7A9D361C38700209A91C4042824BA54A200E113704A8F032256DDF82592785342510D31EA2AC67777EFFD999DD59A3A8E905CDD44D030CD3D675DB2AC0CCF20AB43AE1436F53F2CDA6530F61EE7E79113458965448D76FC016AF8EACA0128C9C59CC58D99C55D00B85949104AC78F36B0B404523B4419BA58FB66995FAA4EEF11DD7B9A9962A97D877689AEDB21A4E67864C4842CB399164A144211344721208BEDB811F7B4F7AAF3EF6DE7E38E97E3B3EECDE80D3AFAF4FBA074787DF8F5FBE3FDDFF7CFCA6DBDB7B71F4E5003F7B4F3FF59EBD3BD97F0E4DEA701E24D3BD13B99EA3725BE3AD16F59D38276A8391E482C084B052A5B258415A99BA1E734072A82AEE3918D4F177A182333CC2753E97507751BD4D854BAB1E8330AA86D2959174B91F7B9ECDA4C329581F04ABDD72E4C61584283B014B0D95527D93795E5DC1FF05EAD30613A5DD1A0B5430F67F6C32750DCFE9DFF92466A1AD3420A547E6B7689BDA99BC35058FD707284DA581FB9A4EB244C705C29EDE3827A5A2A241A0A42A91EF2325102CA082A121FDDB18A373C50C26F68CAC3C353C926D2692E0B7E2D15D2C0D166A44A098372F2FE0701C8C92B3992B085D5CE45A457D52AE5A4FF0B07AA4C6FD5A2404F32559690A469D25CEBDB3A22A95075C6C3391FEC3642C6A18561155A76D831488BE691A662285EB7D7CBC9D711239D31AABE051BF31C00E31FA7E79AB30EA3743B1713950EDD8BF52AB620CC9AAEF30BCD1CC59123C604276862ED015DCF9E15AF605954EB81A0F050BB9D7666B03EF0A0B3C5A632D4C587A6855BC25EC1AFD0B857749B0F1E7659C466CB94035729989A8976A05D9CC3F5B012104F2D0C2181236491404AC3ED4FBADAEDF35D42B219B4CB53792EC9129BBBE1B362779C18B3AECB8B209A1A4320AA17C7BEE5E6936F513170F3CAD2E080000, '1629345648094');
INSERT INTO `execution_logs` VALUES ('4', '', '0', '2', '0', '7375', 0x1F8B0800000000000000ED59416F233514BEF32BDE2D97344D42586DE716A50D64558555BB6885108A9CB1D3783B630FB6A7A120A46585902842027140E28684E004C715B0F06F36DBFD193C7B3269270DD53A99D220213587CE78BEF7BDEF7D7E1E7B9A77B6EA77B79AF566031ACDA05E0F5A3BD0397C00633AD2032307F1A9FE20825EBFFB366C41A818310CD8872C4C8D54874C9DF090D5DC851E0D5AAF35D747EB4AD519B3F098295D12F07DC5A5E2E6744DBA5D66C2311747F0480E81080A7A4C14A3902899306538D3353F40A11F1AAD03302A6555184572729F2812F76797451A45B3CB18A1AF27F6AABDF88A511EB60FFA368A34C0E324623113C693615B6B7E2430C75C4A0840C7A615349AAF371B7E5807A910563D0BC5517C9759501C8A523E62A1091A7082E5E752044DBF20EF2494181B850B6E38895C10A05C21AA54A79EE91F1AA21C9A45D17ECF0E89665D1B7C21C5EAC2F05C1647B452B857F1A4DB9162C48F5265E1DA1F1D9321111033A378A8D163243C7671B08868608561990239B47A7BAA920E636E4C3E13E69C25D583481E55C04840784FF2FB12B9F1884142CC386719C00238709C18DB244942196FF78436248AB667B9E6FF665E45F3E8EDD6F600516AADDA024C0D7FFF096DDD4D3BCA8E5E51D98EEB86345317A5638222BB19D745814B295A81F5AA252B80AC50B06BB32E80FB01DFC3C75D6360F48A3DFD904884CB86A5633582F7DE77CC0489D955DB27B8D20893358902D61ADCD7D0E01AE6C5DA97C4BB2F811843C271ECD06C49FFC1BF30C195DE30DF39724D806242ABC187A9723A90D0F01306668CE6A41A17D3BA1FCE0897353D46570B49AFBAC4DF0B8BE2CDF1271CE733CE4D936AE8B67BFB7BBBB8A2421D340BA5A09E6E39DC6FC3F4D7EF5F7CF7F4F9B367D3B31FA6DF9CBDFCE5A7E98F9F9D7FFDF9F4CFC7D39FBFAC4EFFFA76FAC5572FCF9E9C3FF9FDFCECE98BC79F3EFFED0FF8F8935970CF782CEBA0C59BD83B33B041B7D7EF1DBED5EBBFE9074B59D2B7B22F8A96C914CC75D2BBCC751B61222E8EBB04CD84B36D4422CDBCD71CCA6D5704FCB356CC2361CB1CE8340C9976F38F9D902875CD0E7374719C792D3F84A4133AD076CEFB5BC48C113D9BBB44C3903101C73CC27400E1699E25D8342F468C5CC2D5EC61BB1C2CE381068B221C0F211121C3F19ECAB8A7225BE4CA32F80AD094593512FBEA0F4C29A97CDFCE6F68CEAED17573035ECA985E98E260AFBDFB6E89EEBB77A5F7FDDF1D5EA13845C936B5375CEE6174781B5DA1C8A0C47E50042EA3132C6BFC97265EA7DDEFECED5F535EBBBFBFADCE7F3BC52D76A81BE9F5E59676794BBD81CA2E0978B1286EAEA32C4F47D7B3B99763A78BE8257AE902B44C235DA2BAC9D59C99CFF374A2AC6AE6D14BAD660E5A6E35E75437B99AC64212DF17AFB2AA99472FB59A3968B9D59C53DDDC6AAE714A52EE8B59065DFE7B5976B4BD4E59671F360AE7C3D91D4CC17EEE702A33CDA8EF79FF6C6BB0EC2C3EDFEFCC370A6B6C79BA6E236523A5890B5683F6847017FB01533117C41A6815502CB6FDEAF0EF7D22CA35437381E17166622760CB6AD5B8D3DCD979A3DE6AED34EF7A6E9CF53835544E045A33DF7E43226554BD6E6BFE3749A40B0ECF1C0000, '1629950449282');
INSERT INTO `execution_logs` VALUES ('4', 'hdfs_to_ods_log', '0', '2', '0', '2120', 0x1F8B0800000000000000AD95CD6ED34010C7CFE429E6C02195F0CA769CA4B10415B489A0A2B44A3F385455B58937895BC76BD6EBB4E1C081134848E50012125C2A55027188B8214085972969FB16CC3A09B8690309ED21CA7A77E7F79F9DD99935739A3EAD99BA698061DABA6E5B05985D5E8186530B3725DFE44EB8E9F13ADC7B505A040D962515D2F5EBB0C52BE7F6500946CE2C14B2BA6515F4BC913227832BE6FCDA0250510F6DD0E6E8E36D5AA13EA9797CC7756E0EAC9AEDF091975866BBAC8ACB56620A490983BECCA4EE44211344721208BEDB869F7B4FBBAF3F75DF7D3CE97C3F3EECDC80D36F6F4E3A0747873F8E5F7D38DDFF72FCB6D3DD7B79F4F5003FBBCF3E779FBF3FD97F010DEA701E4CAA7C27723D4745B9CA9B4DEA3B7164D43123C90581B171C57279B18CBC12753DE680E45051E43338A8E1EF826CCEF20877FA5C42CD450F5A54B8B4E23108A34A285D194997FBB1ED60251D4EC17ADF61ED962337AEC44DD90E582A9156F54DE6796505FF17A84FEB4C1477AB2C50EED8FF75D0D435BCB77F5720310DE78A7D567A687D8BB6A89DC95B53F064BD8FD25428B8AFE9244B74DC20EC998D3352CA2F1A044AAA1CF93E5202C1022A184EA4FF4CC6E85C2183C11D9095A58697B3C5C424F8AD787417D383C91A1228E4CDCB0B381C07C3E46CE60A5C17E7B9D861C6E5AAFD042FAC47AADCAF4642305F92958660D459E2DC1B2455A93CE4629B89F4058BB1A8615805549DB10D324DF44DD3302752B8DEC3C7C719259133AD910A1EF5EB7D6C82D1B3CB5BD3C376B3145B980395B6FD3BB4CAC790ACFA0EC3AA66CE92E00113B29D28A12BA8FB642E7B824A275C8D878285DC6BB1B5BE7599051EADB226062C9DD8151F093B47AFA0B096041B7D5F4669C433E7A8462E3316F552AD209BF9672B2084401E9AE8C3C48D122501F30FB55EBBEBF50DF55EC806532D8E4CFAE0945CDF0D1B63BEEB26ECB8B201A1A4320AA174FBDEFDE25CEA1728E2A95348080000, '1629950449075');
INSERT INTO `execution_logs` VALUES ('4', 'mysql_to_hdfs', '0', '2', '0', '2094', 0x1F8B0800000000000000AD95CD6ED34010C7CFE429E6C02195F0CA769C0F5B820ADA44B4A2B44A3F385455B58937895BC76BD6EBB4E1C081134848E50012125C2A55027188B8214085972969FB16CC3A29A4298184F610653DBBF3FBCFCEECCE9A394D2F68A66E1A60988EAE3B960D33CB2BD06C470FFD4DC9371B6E2D82B9FBA545D060595221BDA00E5BBC32B4824A3072A66D6775CBB2F5BC9D3227012BDEFCDA0250518F1CD066E9A36D5AA101A9F97CC7736FAAA5CA25F11D9866BBAC8AD3D680094968392732592871C404919C8482EFB6E1C7DE93EEAB8FDDB71F4E3ADF8E0F3B37E0F4EBEB93CEC1D1E1F7E397EF4FF73F1FBFE974F75E1C7D39C0CFEED34FDD67EF4EF69F4383BA9C8793E9DE893DDF55B9ADF26693066E9213B5C1587241604C58B15C5E2C23AD443D9FB920395414F71C0C6AF8BB50C1191EE3BA804BA879A8DEA2C2A3159F41145722E9C9587A3C483CCF66D2D114ACF783D56EB972E30A4294ED90A5064AA9BEC93CAFACE0FF020D689D89E26E95852A18E73F3699BA86E7F4EF7C92B0D056EC93D243F35BB4459D4CDE9A82C7EB7D94A6D2C0034D2759A2E302E14C6F9C935251D1305452E5380890120A1652C1D090FE6D4CD0393B83893D232B4F0D8F648B8949F05BC9E82E96060B352460E7CDCB0BB81C07C3E46CE60A421717B9D851C6E5AAF5040FAB4FAA3CA8C642B04092958660D45DE2DC3F2BAA5279C0C53613E93F4C26A28661D9A83AED18A440F44DD3302752B8DEC327DB19259133AD910A3E0DEA7DEC00A3E797B70AC37E33141B970B95B6F32BB52AC688AC062EC31BCDDC25C14326647BE0025DC19D1FAC654F50E944ABC950B088FB2DB6D6F72EB3D0A755D6C484A50756255BC2AED1BB507897041B7D5E466924960B542397198B7AA95690CDFCB3151042200F4D8C61C226898280D5875AAFD5F5BA867A256483A9F646267B644A5EE0458D715EF0820E3B9E6C4024A98C2328DD9EBB579C4DFD04FDF56FC52E080000, '1629950449083');
INSERT INTO `execution_logs` VALUES ('5', '', '0', '2', '0', '7375', 0x1F8B0800000000000000ED59416F1B4514BEF32BDE2D17C759BBB888BD594E0CAE225325AD2A849035DE19C7D3ECCE2C33B33129422A558544101288031237240427385640E1DFD44D7F066F66BD4ED6315127DE102321C587ECCE7EEFBDEFFBE6CDCE6CD0DC0CDEDE6C06CD06349A611084AD003AFBF7604C477A60E42039D61FC5D0EB77DF834D8814238601FB984599916A9FA9231EB1BABBD0A361EB8D6075B4AE549D318B0E99D21501DF555C2A6E8E574CB7CB4C34E6E2001ECA211041418F896214522553A60C67BAEE0728F403A375084665AC06A3584EEE124592FEECB2C8E278761923F4F5C45EB5175F33CA83F65EDF4691067892C62C61C27866D8D69A1F08ACB1A01242D08979336C346F351B7E587B9910963D0BC5917C5759581E8A543E6491091B7084F27329C2A65F90FB2925C646E1821B4E6217042857882AD5B167F9FB8628876651B4DFB343A259D7065F28B1B630BCA0C525BA51BAB7E1996E478A113FC894856B3F3A244322206146F148A3C74874E8E2A08868608561990239B47C7BB2920D136E4C3113E6394BAA07B13CD8002301E13D93DF95981B8F19A4C48C8B2C435800078E13638BA4692493AD9ED086C4F1D6ACD6E2DFDCAB681EBDD5DA1A204ABD555F80A9E3EF3FC1ADBB6947D9D15764B6E3BA21CDD945EA98A098DD2CD745822B11AD94F555252B815C41B04BAB2E81FB01DFC1C75D6360F4823DFD90488CCB864DC772041F7CE832132461176D9FE24A234CDE244A582BE4BE020797645ED6BEA2BCFB128831241A270ECD4AFA0FFE8509AEF486F9CE914B02940BBA1A7C9429C703890C3F6260C6684EAA71310DFC7046B8ACE931BA5A487AD125FE5E58246F8E3FE1389F716E9A4C43B7DDDBDDD9C6151502D02C92827ABA657FB70DD35FBF7FF9DDB317CF9F4F4F7E987E73F2EA979FA63F3E3DFDFAF3E99F8FA73F7F599BFEF5EDF48BAF5E9D3C397DF2FBE9C9B3978F3F7BF1DB1FF0C9A7B3E09EF158DE41CB37B177E660836EAFDFDB7FB7D77FC70F96B2B46F695F242DA7299CF3A4B799EB36C2C45C1C76099A0967DB88C49A79AF3994DBAE08F867AD5844C29639D0591431EDE61F3B2271E69A1DD6E8E238F3DAFC10924EE840DB39EF6F113346F47CEE120D43C6041CF218CB0184A7459560CB3C1B317205D7F287ED72B02C0F34581CE378888888188EF764C63D155B913796C16F00CD986523B5AFFEC09492CAF7EDFC9AE6EC0A5DB730E0B98AE99929F676DADBEF57E8BE3B177ADFFFDDE135C42953B6AEBDE17C0FA3C39BE80AE50C2AEC0765E02A3AC1B2C67F6EE275DAFDCECEEE25F2DAFDFD4D75FE9B11B7DCA1AEA5D7572BEDF2967A0DCA2E0978B628AEAFA36C9E2E5DCFE65E8D9DCEA257E8A533D02A8D742ED5755673663ECFD389AAD42CA257AA66015AAD9AF354D7594D632189EF8B57556A16D12B55B300AD56CD79AAEBABE60AA724D5BE98E5D0D5BF97E547DBABC83AFBB0513A1FCEEF6009F67387639969467DCFFB675B836567F1C57E67BE515861CBD3751B291B294B5DB03AB42784BBD8F7984AB820D640570145B1ED57877FEF1351C1199A0B0C4F72133B025B96ABC6ED5B41ABD56AB682E6EDB7FC90F53833544E045AB3D87E432A655CBB6C6BFE378A4368DECF1C0000, '1630555250269');
INSERT INTO `execution_logs` VALUES ('5', 'hdfs_to_ods_log', '0', '2', '0', '2120', 0x1F8B0800000000000000AD95CF6FD33014C7CFF4AFF081432711CB499B758904136CAD60626CEA7E7098A6CA69DC365B1A07C7E9560E1C388184340E2021C165D22410878A1B0234F86746B7FD173CA72D64DD0A2DDBA1AA63FB7DBECFEFF93D1343239666104347BA6113629B04CDADACA2865B8B2A9257B81B557C5E47F71E94969086562415D20BEA688B3BE7F65089F4E91C314DD33009B1AC0C990CAE980BEB8B888A7A64236D9E3EDEA60E0D70CDE73B9E7B7360D56C478FFCD432DB655558365353404A19F4652675278E98C092E350F0DD36FAB9F7B4FBFA53F7DDC793CEF7E3C3CE0D74FAEDCD49E7E0E8F0C7F1AB0FA7FB5F8EDF76BA7B2F8FBE1EC067F7D9E7EEF3F727FB2F5083BA9C87932ADF893DDF5551AEF26693066E121975CC587281D1D8B862B9BC54065E897A3E7391E4C851E433385483DF05D99CE331EC0CB844350F3C6851E151C767288A9D487A32961E0F12DBC14A369A421B7D87B55BAEDCBC1237653B6499545AD5375EE0CE2AFC2FD280D69928EE5659A8DCB1FFEBA0996B706FFFAE80131ACC15FBACECD0FA166D513B57C84FA1271B7D94A642C1038D601313D820ECD9CD3352CA2F1A864AAA1C07015042C1422A184C64FF4C26E8692B07C11D9095A50697B3C5C424F8AD647417D203C91A12B00AC6E5055C0E8361B299BB02D7C5796EDE22E372D57E0C17D6C7551E5463215820F16A4330EA2E73EE0F92AA541E72B1CD44F682C54454D7F316A8CEDA3A9EC1A462E8C6440AD77BF8E438A324A68DFC48059F06F53E36C5E8D915F233C37673145A988B9CB6FD3BB4CAC708AF052E83AA66EEB2E02113B29D2AA12BA8FB742E7B824A275A4B868245DC6FB1F5BE7599853EADB226042C9BDA951C093A47AFA0A096041B7D5F46692433E7A8F0448D45BD542B3073FF6C05186354404DF061E246099208F28F6ABD76D7EB1BEABD900DA65A1C9EF4C12979811735C67AD77542D08E271B289254C6112ADDBE77BF389FF905854DC20348080000, '1630555250102');
INSERT INTO `execution_logs` VALUES ('5', 'mysql_to_hdfs', '0', '2', '0', '2094', 0x1F8B0800000000000000AD95CF4F134114C7CFF6AF78070F257127BBDB2EA59B285168234484941F1E0821D3EEB45DD8EEACB3B3857AF0E04913133C6862A21712128D87C69B5183FE3358E0BFF0CDB6E852AC768543D3D937F33EDF37EFCDBCD14D4D2F6AA66E1A6098B6AEDB960E33CB2BD0EA840FBD4DC9379B4E3D84B9FBE545D0605952215DBF015BBC3AB4824A302673BA6559A6A51B7A2EA3A7012BDEFCDA0250D1086DD066E9A36D5AA53EA97B7CC7756EAAA5CA25F64D4CB35D56C3692B6142125ACE89A40B250A9920929340F0DD0EFCD87BD27BF5B1F7F6C349F7DBF161F7069C7E7D7DD23D383AFC7EFCF2FDE9FEE7E337DDDEDE8BA32F07F8D97BFAA9F7ECDDC9FE73685287F3209DEE9DC8F51C95DB1A6FB5A8EFC439511B8C241704C684952A95C50AD2CAD4F5980392435571CFC1A08EBF0B159CE111AEF3B984BA8BEA6D2A5C5AF51884513594AE8CA4CBFDD8F36C261B4EC0FA2058ED962337AE2044D9095826514AF54DE6797505FF17A84F1B4C94766B2C50C1D8FFB1C9CC353CA77FE7939885B6D280941D9ADFA26D6AE70AF90978BC3E40692A0DDCD77462111D17087B7AE39C948A8A068192AA44BE8F9440B0800A8686EC6F638C9E2CE630B16764E5A9E1916C339106BF158FEE6269B0504302C58279790187E360986CE5AE207471919B2FEAE372D57A8287D52335EED72221982FC94A5330EA2C71EE9D1555A93CE0629B89EC1F266351C3C8175175DA36C814D1374DC34CA570BD8F8FB7334A62D2CC8F54F0A8DF1860138CBE5F213F35EC3743B1713950EDD8BF52AB620CC9AAEF30BCD1CC59123C6042761217E80AEE7CB2967D41A513AEC643C142EEB5D9DAC0BBC2028FD6580B13964DAC8AB7845DA37FA1F02E0936FABC8CD2882D17A8F8248D45BD542BB072FF6C05841028400B6348D9245110B0FA50EFB7BA7ED750AF846C32D5DE48BA47A6ECFA6ED81CEB05B760C7954D0825955108E5DB73F74AB3999F5CE783032E080000, '1630555250110');
INSERT INTO `execution_logs` VALUES ('6', '', '0', '2', '0', '7375', 0x1F8B0800000000000000ED59CF6F233514BEF357BC5B2E6D7E2D8DB4738BD206B2AAC2AA59B4420845CED869BC9DB107DBD3D04548CB0A21518404E280C40D09C1098E2B60E1BFD96CF7CFE0D993493B69A8D6C9941609A93974C6F3BDF7BEEFF3F3D853BFBB5DBFBBDDAC371BD06806F57AB0D380CEE0014CE8580F8D1CC627FAC3087AFDEE3BB00DA162C430601FB13035520D983AE621ABBA0B3D1AB4DEA86F8ED695AA3361E11153BA24E0FB8A4BC5CDC986E9769909275C1CC22339022228E809518C42A264C294E14C57FD00857E68B40EC0A8946DC13892D3FB4491B83FBF2CD2289A5FC6087D3DB557EDC5D78CF2B07DD0B751A4011E27118B99309E19B6B5E687026BCCA98400746CDE0C1ACD3BCD861FD6412A8465CF427124DF5516148722958F586882061CA3FC5C8AA0E917E4DD841263A370C10D27910B02942B4495EAC4B3FC8121CAA15914EDF7EC8868D6B5C1974ADC5A1A9ED3E212AD14EE553CD3ED4831E687A9B270EDC747644404C4CC281E6AF418098F5C1C14110DAC302C532047966F4F56D251CC8DC967C2226749F530928715301210DE33F97D89B9F1884142CC24CF32802570E038316A24494219D77A421B1245B579ADF9BF9957D13CBAD6AA0D11A5DAAA2EC154F1F79FE0D6DDB4A3ECE83599EDB86E483376913A26286637CF7599E052442B64BDAE6405903504BBB2EA02B81FF03D7CDC3506462FD9D30F8944B86CD8742C47F0FE072E33416276D9F609AE34C2644DA280B541EE1B707045E645ED4BCABB2F811843C249ECD0ACA4FFE05F98E24A6F98EF1CB92240B1A0F5E0C354391E4868F83103334173528D8B69DD0F678CCB9A9EA0AB85A4975DE2EF8565F216F8538EF319E7A6493574DBBDFDBD5D5C51A10E9A8552504FB70CF6DB30FBF5FB97DF3D7BF1FCF9ECF487D937A7AF7EF969F6E367675F7F3EFBF3C9ECE72FB7667F7D3BFBE2AB57A74FCF9EFE7E76FAECE5934F5FFCF6077CFCC93CB8673C9675D0E24DEC9D19D8B0DBEBF7066FF7FA6FF9C15296F42DEDCBA46534050B9EF42E73DD4698888BA32E4133E16C1B934833EF358772DB1501FFAC15F348D832873A0D43A6DDFC63C7244A5DB3C31A5D1C675E9B1F42D2291D6A3BE7FD2D6226889ECD5DA261C49880231E613980F034AF126C99E723C6AEE0ADEC61BB1CACCA030D1645381E42224286E33D99714F4556E4CA2AF80AD094593612FBEA0F4C29A97CDFCEAF69CE6ED07573035EA8989E9BE260AFBDFB5E89EEBB77A9F7FDDF1D5E439C2265B7B5375CEC617474135DA1984189FDA0085C462758D5F82F4CBC4EBBDFD9DBBF425EBBBFBFA9CE7F33E2163BD4B5F4FA72A55DDD52AF41D91501CF17C5DBEB289BA74BD7B3B99763A7F3E8257AE91CB44C235D48F536AB39379FE7E944596AE6D14B5533072D57CD45AAB7594D632189EF8B57596AE6D14B5533072D57CD45AAB757CD0D4E49CA7D31CBA0CB7F2FCB8EB6379175FE61A3703E9CDDC112ECE70EC732D38CFA9EF7CFB706ABCEE2F3FDCE62A3B0C196A7EB365236529AB86055684F0977B11F30157341AC81D60145B1ED57877FEF1351CE199A0B0C8F33133B025B96AB46EB4EA3D1AAD7771ACD9D1D3F643D490D955381D6CCB7DF9048196D5DB535FF1B0F642E1ACF1C0000, '1631160051259');
INSERT INTO `execution_logs` VALUES ('6', 'hdfs_to_ods_log', '0', '2', '0', '2120', 0x1F8B0800000000000000AD954B6FD34010C7CFE453CC81432AE1959D6763092A6813D1AAA555FAE05055D13ADE246E1DAF59AFD38603074E20219503484870A95409C421E2860015BE4C49DB6FC1AC93809B3690D01E2CEF6B7EFFD999DD59BDA0E9052DA5A70C3052A6AE9B59036657D7A061D7828AE4156E071597D761FE4169193458955448C7ABC336B72EACA1128C5CDA3072BA9E35F097D027832BE6C2C61250510F4CD0E6E8E31D6A518FD45CBEEBD8B70756CD76F0C88D4DB33D56C5E95C6C08493183BECCA4EE8401134472E20BBED7869FFB4FBBAF3F75DF7D3CED7C3F39EADC82B36F6F4E3B87C7473F4E5E7D383BF872F2B6D3DD7F79FCF510BBDD679FBBCFDF9F1EBC8006B539F72755BE173AAEADA25CE5CD26F5EC28326A9BA1E482C0D8B862B9BC5C465E893A2EB34172B014F91C0E6AF85D92CD591EE24A8F4BA839E8418B0A875A2E8320B402E9C8503ADC8B6C0733C9600A36FB0E6B776CB9752D6ECAB6CF12B1B4AA3E59E0D61AFE97A847EB4C14F7AACC57EE98FFB5D1C40D3CB77F5720110DC78A7D5672687E9BB6A899CE67A6E0C9661FA5A950704FD34996E8B84098335BE7A4945FD4F7955439F43CA4F882F954301C48FE198CD0B9421A833B202B4B0D0F678B8949F0DB51EB3EA60793352450C8A7AE2E60736C0C93B3E96B705D5CE4660AFAB85CB59EE0817549957BD55008E649B2D6108CDA2B9CBB83A42A95875CEC3091BC643212358C4C0155674C834C13BD9232521329DCECE1A3ED8C92C8A53223155CEAD5FBD818A36797CF4C0FDBCD522C6136586DF37768958F0159F76C86B79AD92B82FB4CC876EC0A5DC3BD8FE7B227A87482F5A82958C0DD16DBE85B9799EFD22A6B62C092B155D196B072F42E14DE25C1469F97511AD1C8052A3E516351AF540AB2E97F96024208E4A1893E4C5C28511230FF50EB95BB5EDD50EF856C3055E2C8A40F4EC9F19CA031E6BB3E0DBB8E6C4020A90C0328DD9D5F2CCE257E01882E64D348080000, '1631160051121');
INSERT INTO `execution_logs` VALUES ('6', 'mysql_to_hdfs', '0', '2', '0', '2094', 0x1F8B0800000000000000AD95CD6ED34010C7CFE429E6C02195F0CA76BE1A4B50419B88569456E90787AAAA36F12671EB78CD7A9D261C38700209A91C4042824BA54A200E113704A8F032256DDF82592705372510D31EA2AC67777EFFD999DD59BDA8E945CDD44D030CD3D2752B67C0ECCA2AB4BAC143774BF2ADA65D0F60FE7E79093458915448C76BC036AF8EACA0128C7CC630F2BA9E330C3393D29380156F617D11A86804166873F4D10EAD528FD45DBEEBD837D552E512F9C6A65987D5703A1F3321092DE744928512064C10C9892F78A70B3FF69EF45F7DECBFFD70D2FB767CD8BB01A75F5F9FF40E8E0EBF1FBF7C7FBAFFF9F84DAFBFF7E2E8CB017EF69F7EEA3F7B77B2FF1C9AD4E6DC4FA67B27745C5BE5B6C65B2DEAD9514ED40643C905810961A54A65A982B432755C6683E45055DC7330A8E3EF4205677988EB3C2EA1EEA07A9B0A87565D0641580DA42343E9702FF23C9B490753B0310C56BB65CBCD2B0851767D968A95527D93055E5DC5FF45EAD10613A54E8DF92A18EB3F3699BA86E7F4EF7C12B1D0561A92D223F3DBB44DAD4C213B058F3786284DA5817B9A4E7244C705C29AD93C27A5A2A2BEAFA42AA1E721C517CCA782A121FDDB18A1F3C50C26F68CAC3C353C926D2692E0B7A3D15D2C0D166A44A058302F2F60731C8C9273992B085D5CE4668BFAA45CB59EE06175498D7BB55008E649B2DA148CDACB9CBB6745552A0FB8D86122FD87C948D430B245549DB10C324DF42DD33013295C1FE0A3ED8C93C89BD9B10A2EF51A436C8C31F02B64A747FD6629362E1BAA5DEB576A558C0159F36C86379AD9CB82FB4CC86EEC025DC19D8FD77220A87482B5682858C0DD365B1F7A5798EFD21A6B61C2D2B155D196B06B0C2E14DE25C1C69F97711A91E502159FA489A8976A05B9CC3F5B0121040AD0C2181236491404AC3ED407AD6ED035D42B219B4CB53792EC91293B9E1334277AC1B3B0EBC8260492CA3080F2EDF97BA5B9D44F0873F2172E080000, '1631160051126');
INSERT INTO `execution_logs` VALUES ('7', '', '0', '2', '0', '7375', 0x1F8B0800000000000000ED59416F233514BEF32BDEAD97344DB2BB6D995B943610548555B36885108A9CB1D3783B630FB6A7A120A46585902842027140E28684E004C715B0F06F36DBFD193C7B3269270DD53A99D220213587CE78BEF7DEF77D7E1E7BEADB9BB5D7371BB5461DEA8DA0560BEE35A0D57B00233AD47D23FBF1A9FE20824EB7FD366C42A818310CD8872C4C8D543DA64E78C8AAEE4287063BAFD557476B4BD51AB1F098295D12F07DC5A5E2E674C574DBCC84232E8EE0911C001114F488284621513261CA70A6AB7E80423F345A076054CA2A308CE4F83E5124EE4E2F8B348AA6973142578FED557BF115A33C6C1E766D146980C749C462268C67864DADF991C01A732A21001D9BBB41BD71A751F7C33A4C85B0EC59288EE4BBCA82E250A4F2110B4D508713949F4B1134FC82BC9350626C142EB8E1247241807285A8529D7A96DF334439348BA2FD9E1D10CDDA36F85C8995B9E1392D2ED18DC2BD0DCF745B520CF951AA2C5CF3A3633220026266140F357A8C84C72E0E8A8806561896299003CBB7272BE920E6C6E4336196B3A4BA1FC9A30D301210DE33F90389B9F1884142CC28CF32803970E03831B648928432DEEA086D48146D4D6BCDFFCDBC8AE6D15B3B5B7D44A9EE54E760AAF8FB4F70EB6EDA5176F492CCB65C37A419BB481D1314B39BE63A4F7029A215B25E56B202C812825D5B7501DC0FF82D7CDC350646AFD8D30F8944B86CD8742C47F0DEFB2E33416276D5F609AE34C2644DA280B542EE2B70704DE645ED4BCABB2B811843C251ECD0ACA4FFE05F18E34A6F98EF1CB92640B1A0E5E0C354391E4868F80903334273528D8B69CD0F6788CB9A1EA1AB85A4575DE2EF8579F266F8638EF319E7A64935B49B9D83FD3D5C51A1069A8552504FB7F40E9A30F9F5FB17DF3D7DFEECD9E4EC87C937672F7FF969F2E367E75F7F3EF9F3F1E4E72F2B93BFBE9D7CF1D5CBB327E74F7E3F3F7BFAE2F1A7CF7FFB033EFE641ADC331ECB3A68F126F6CE0CACDFEE743BBD373BDD37FC60294BBA96F679D2329A82194F7A8FB96E234CC4C5719BA09970B60D49A499F79A43B9ED8A807FD68A79246C997D9D8621D36EFEB11312A5AED9618D2E8E33AFCD0F21E998F6B59DF3FE16312344CFE62ED130604CC0318FB01C40789A5709B6CC8B11435770257BD82E078BF2408345118E87908890E1784F66DC539115796311FC06D094593612FBEA0F4C29A97CDFCE73B92FE1D30B090EF79B7BEF96A8F50D758815D7B962EFFBBF3BBC825D8A94AD6B6FB8DCC3E8E036BA42318312FB4111B8CC4E309772CE78ABD96DED1F5C23AFDDDFDF56E7BF1D718B3DF3467A7DB9D22E6EF237A0EC8280178BE2FA3ACAE6E9D2F56CEEE5D8E9227A895EBA002DD34897525D6735A7E6F33C9D284BCD3C7AA96AE6A0E5AA394B759DD5341692F8BE7895A5661EBD543573D072D59CA5BABE6AAE704A52EE8B59065DFE7B5976B4BD8AACD30F1B85F3E1EC0E96603F7738969966D4F7BC7FBA355874169FEF77661B8515B63C6DB791B291D2C405AB42734CB88BFD80A9980B620DB40C288A6DBF3AFC7B9F8872CED05C60789C99D811B863B9AA6FDFA9EF6CDFDDBDD768ECEEFA21EB516AA81C0BB466BE218644CAA872DD66F96FB87B7DE4CF1C0000, '1631764852291');
INSERT INTO `execution_logs` VALUES ('7', 'hdfs_to_ods_log', '0', '2', '0', '2120', 0x1F8B0800000000000000AD95CF4F134114C7CFF6AF78070F257127BBDB5F7413250A6D848090F2C30321CDB43B6D17B63BEBEC6CA11E3C78D2C4040F9A98E8858444E3A1F166D4A0FF0C16F82F7CB36D7529545BE1D0747666DEE7FBE6BD796F8CACA6E73553370D304C4BD7AD8C09B3AB6BD0B06B4159F232B783B2CBEB30FFA0B80C1AAC4A2AA4E3D5619B572EECA1128C6CCAC865D3D319D330B3096332B8622E6C2C0115F5C0026D8E3EDEA115EA919ACB771DFBF6C0AAD90E1EB9B165B6C7AAB89C8B4D212966D09799D49D306082484E7CC1F7DAF073FF69F7F5A7EEBB8FA79DEF27479D5B70F6EDCD69E7F0F8E8C7C9AB0F67075F4EDE76BAFB2F8FBF1EE267F7D9E7EEF3F7A7072FA0416DCEFD4995EF858E6BAB285779B3493D3B8A8C3A6628B9203036AE502A2D979057A48ECB6C901C2A8A7C0E0735FC5D92CD591EE24E8F4BA839E8418B0A87565C06415809A42343E9702FB21DAC248329D8EC3BACDDB1E5D6B5B829DB3E4BC4D2AABEC902AFACE1FF12F5689D89C25E95F9CA1DEBBF0E9AB881F7F6EF0A24A2E15CA1CF4A0EAD6FD316B552B9F4143CD9ECA334150AEE693AC9101D37086B66EB9C94F28BFABE922A859E87145F309F0A8613C93F93113A9B4F6170076465A9E1E56C3131097E3B1ADDC7F460B28604F239F3EA0236C7C1303993BA06D7C5456E3AAF8FCB55FB095E589754B9570D85609E246B0DC1A8BDC2B93B48AA5279C8C50E13C94B162351C348E75175C632C834D1CBD8E42652B8D9C347C719259135D323155CEAD5FBD818A367974B4F0FDBCD526C613654DAD6EFD02A1F03B2EED90CAB9AD92B82FB4CC876AC84AEA1EEE3B9EC092A9D603D1A0A1670B7C536FAD625E6BBB4CA9A18B0646C577424EC1CBD82C25A126CF47D19A511CD5CA0E2133516F54AAD2093FA672B2084400E9AE8C3C48D122501F30FB55EBBEBF50DF55EC806532D8E4CFAE0141DCF091A63BEEB39D87564030249651840F1EEFC62612EF10B2E248DF748080000, '1631764852130');
INSERT INTO `execution_logs` VALUES ('7', 'mysql_to_hdfs', '0', '2', '0', '2094', 0x1F8B0800000000000000AD95CD6ED34010C7CFE429E6C02195F0CA769CA4B10415B489684569957E70A8AA6A1D6F12B78ED7ACD769C28103279090CA012424B854AA04E2107143800A2F53D2F62D98755248530209ED21CA7A76E7F79F9DD99D35729A5ED04CDD34C0306D5DB7B326CCAEAC42A31D3DF4B724DFAABBD508E6EF97964083154985F4821A6C736768059560E432463E674D674D239349199380156F617D11A8A845366873F4D10E756840AA3EDFF5DC9B6AA972497C07A6598B55703A3F6042125ACE894C164A1C31412427A1E0AD36FCD87BD27DF5B1FBF6C349E7DBF161E7069C7E7D7DD239383AFC7EFCF2FDE9FEE7E3379DEEDE8BA32F07F8D97DFAA9FBECDDC9FE73A85397F37032DD3BB1E7BB2AB715DE68D0C04D72A236184B2E088C092B96CB4B65A495A8E7331724074771CFC1A08ABF0B159CE531AE0BB884AA87EA4D2A3CEAF80CA2D889A42763E9F120F13C9B494753B0D10F56BBE5CACD2B0851B643961A28A5FA260BDC59C5FF451AD01A13C55685852A18FB3F3699BA86E7F4EF7C92B0D056EC93D243F3DBB449ED4CDE9A82C71B7D94A6D2C0034D2759A2E30261CF6C9E935251D1305452E5380890120A1652C1D090FE6D4CD0B94206137B46569E1A1EC9261393E0B793D15D2C0D166A48A090372F2FE0721C0C93B3992B085D5CE45A057D5CAE5A4FF0B0FAA4C2834A2C040B2459AD0B46DD65CEFDB3A22A95075CEC3091FEC364226A18560155676C834C137DCB34CC8914AEF7F0C9764649E44C6BA4824F835A1F3BC0E8F9E5ADE961BF598A8DCB05A76DFF4AAD8A31226B81CBF046337759F09009D91EB8405770E7076BD913543AD15A32142CE27E93ADF7BDCB2CF46985353061E98155C996B06BF42E14DE25C1469F97511A89E502159FA4B1A8976A05D9CC3F5B012104F2D0C018266C922808587DA8F65A5DAF6BA85742D6996A6F64B247A6E4055E541FEB05B760D793758824957104A5DBF3F78A73A99F6C0900C52E080000, '1631764852139');

-- ----------------------------
-- Table structure for execution_recover_flows
-- ----------------------------
DROP TABLE IF EXISTS `execution_recover_flows`;
CREATE TABLE `execution_recover_flows` (
  `recover_id` int(11) NOT NULL AUTO_INCREMENT,
  `recover_status` tinyint(4) DEFAULT NULL,
  `recover_start_time` bigint(20) DEFAULT NULL,
  `recover_end_time` bigint(20) DEFAULT NULL,
  `ex_interval` varchar(64) DEFAULT NULL,
  `now_exec_id` int(11) NOT NULL,
  `project_id` int(11) NOT NULL,
  `flow_id` varchar(128) NOT NULL,
  `submit_user` varchar(64) DEFAULT NULL,
  `submit_time` bigint(20) DEFAULT NULL,
  `update_time` bigint(20) DEFAULT NULL,
  `start_time` bigint(20) DEFAULT NULL,
  `end_time` bigint(20) DEFAULT NULL,
  `enc_type` tinyint(4) DEFAULT NULL,
  `recover_data` longblob,
  PRIMARY KEY (`recover_id`)
) ENGINE=InnoDB DEFAULT CHARSET=utf8;

-- ----------------------------
-- Records of execution_recover_flows
-- ----------------------------

-- ----------------------------
-- Table structure for executor_events
-- ----------------------------
DROP TABLE IF EXISTS `executor_events`;
CREATE TABLE `executor_events` (
  `executor_id` int(11) NOT NULL,
  `event_type` tinyint(4) NOT NULL,
  `event_time` datetime NOT NULL,
  `username` varchar(64) DEFAULT NULL,
  `message` varchar(512) DEFAULT NULL,
  KEY `executor_log` (`executor_id`,`event_time`)
) ENGINE=InnoDB DEFAULT CHARSET=utf8;

-- ----------------------------
-- Records of executor_events
-- ----------------------------

-- ----------------------------
-- Table structure for executors
-- ----------------------------
DROP TABLE IF EXISTS `executors`;
CREATE TABLE `executors` (
  `id` int(11) NOT NULL,
  `host` varchar(64) NOT NULL,
  `port` int(11) NOT NULL,
  `active` tinyint(1) DEFAULT '0',
  PRIMARY KEY (`id`),
  UNIQUE KEY `host` (`host`,`port`),
  UNIQUE KEY `executor_id` (`id`),
  KEY `executor_connection` (`host`,`port`)
) ENGINE=InnoDB DEFAULT CHARSET=utf8;

-- ----------------------------
-- Records of executors
-- ----------------------------
INSERT INTO `executors` VALUES ('1', 'smt4', '12321', '1');

-- ----------------------------
-- Table structure for log_filter
-- ----------------------------
DROP TABLE IF EXISTS `log_filter`;
CREATE TABLE `log_filter` (
  `code_id` int(11) unsigned NOT NULL AUTO_INCREMENT COMMENT '错误码ID号',
  `log_code` varchar(10) NOT NULL COMMENT '日志错误码',
  `code_type` int(2) NOT NULL COMMENT '错误码类型',
  `compare_text` varchar(1000) NOT NULL COMMENT '错误码识别文本',
  `operate_type` int(2) NOT NULL COMMENT '操作类型',
  `log_notice` varchar(255) DEFAULT NULL COMMENT '提示文本',
  `submit_time` datetime DEFAULT NULL COMMENT '提交时间',
  `update_time` datetime DEFAULT NULL COMMENT '更新时间',
  PRIMARY KEY (`code_id`)
) ENGINE=InnoDB AUTO_INCREMENT=26 DEFAULT CHARSET=utf8 COMMENT='日志错误码表';

-- ----------------------------
-- Records of log_filter
-- ----------------------------
INSERT INTO `log_filter` VALUES ('1', '000000', '1', ' INFO - ', '2', '过滤Azkaban的日期日志', '2021-08-09 08:36:46', '2021-08-09 08:36:46');
INSERT INTO `log_filter` VALUES ('2', '000001', '1', 'chgrp: changing ownership of', '3', '过滤无用日志', '2021-08-09 08:36:46', '2021-08-09 08:36:46');
INSERT INTO `log_filter` VALUES ('3', '000002', '2', ' ERROR - ', '2', '过滤Azkaban的日期日志', '2021-08-09 08:36:46', '2021-08-09 08:36:46');
INSERT INTO `log_filter` VALUES ('4', '00000', '2', '未能识别的异常', '1', '未知问题，请查看详细日志信息。', '2021-08-09 08:36:46', '2021-08-09 08:36:46');
INSERT INTO `log_filter` VALUES ('5', '10001', '2', '(?<=queue).*?(?=is not exists in YARN)', '1', '会话创建失败，队列#0#不存在，请检查任务队列设置是否正确。', '2021-08-09 08:36:46', '2021-08-09 08:36:46');
INSERT INTO `log_filter` VALUES ('6', '20001', '2', '(?=.*本次申请资源 + 已占用任务队列资源 > 用户最大可申请资源，申请新Session不予通过)+(.*?)', '1', '会话创建失败，当前申请资源#0#，系统可用资源#2#，请检查资源配置是否合理', '2021-08-09 08:36:46', '2021-08-09 08:36:46');
INSERT INTO `log_filter` VALUES ('7', '20002', '2', '远程服务器没有足够资源实例化spark Session，通常是由于您设置【驱动内存】或【客户端内存】过高导致，建议kill脚本，调低参数后重新提交', '1', '会话创建失败，服务器资源不足，请稍后再试', '2021-08-09 08:36:46', '2021-08-09 08:36:46');
INSERT INTO `log_filter` VALUES ('8', '20003', '2', 'Caused by: java.io.FileNotFoundExecption', '1', '内存溢出，请去、检查脚本查询中是否有ds分区；2、增加内存配置；3、用hql执行；', '2021-08-09 08:36:46', '2021-08-09 08:36:46');
INSERT INTO `log_filter` VALUES ('9', '30001', '2', 'Permission denied: user=', '1', '表无访问权限，请申请开通权限', '2021-08-09 08:36:46', '2021-08-09 08:36:46');
INSERT INTO `log_filter` VALUES ('10', '40001', '2', '(?<=Database).*?(?=not found)', '1', '数据库#0#不存在，请检查引用的数据库是否有误。', '2021-08-09 08:36:46', '2021-08-09 08:36:46');
INSERT INTO `log_filter` VALUES ('11', '40001', '2', '(?<=Database does not exist: ).*?(?=s)', '1', '数据库#0#不存在，请检查引用的数据库是否有误。', '2021-08-09 08:36:46', '2021-08-09 08:36:46');
INSERT INTO `log_filter` VALUES ('12', '40002', '2', '(?<=Table or view).*?(?=not found in database)', '1', '表#0#不存在，请检查引用的表是否有误。', '2021-08-09 08:36:46', '2021-08-09 08:36:46');
INSERT INTO `log_filter` VALUES ('13', '40002', '2', '(?<=Table or view not found:).*?(?=;)', '1', '表#0#不存在，请检查引用的表是否有误。', '2021-08-09 08:36:46', '2021-08-09 08:36:46');
INSERT INTO `log_filter` VALUES ('14', '40002', '2', '(?<=Table not found \').*?(?=\')', '1', '表#0#不存在，请检查引用的表是否有误。', '2021-08-09 08:36:46', '2021-08-09 08:36:46');
INSERT INTO `log_filter` VALUES ('15', '40003', '2', '(?<=cannot resolve).*?(?=given input columns)', '1', '字段#0#不存在，请检查引用的字段是否有误。', '2021-08-09 08:36:46', '2021-08-09 08:36:46');
INSERT INTO `log_filter` VALUES ('16', '40003', '2', '(?<=Invalid table alias or column reference ).*?(?=s)', '1', '字段#0#不存在，请检查引用的字段是否有误。', '2021-08-09 08:36:46', '2021-08-09 08:36:46');
INSERT INTO `log_filter` VALUES ('17', '40004', '2', '(?<=ds is not a valid partition column in table ).*?(?=s)', '1', '分区名#0#不存在，请检查引用的表是否为分区表。', '2021-08-09 08:36:46', '2021-08-09 08:36:46');
INSERT INTO `log_filter` VALUES ('18', '40004', '2', '(?<=table is not partitioned but partition spec exists: ).*?(?=s)', '1', '分区名#0#不存在，请检查引用的表是否为分区表。', '2021-08-09 08:36:46', '2021-08-09 08:36:46');
INSERT INTO `log_filter` VALUES ('19', '50001', '2', 'extraneous input \'\\)\'', '1', '括号不匹配，请检查脚本中括号是否前后匹配。', '2021-08-09 08:36:46', '2021-08-09 08:36:46');
INSERT INTO `log_filter` VALUES ('20', '50001', '2', 'missing EOF at \'\\)\'', '1', '括号不匹配，请检查脚本中括号是否前后匹配。', '2021-08-09 08:36:46', '2021-08-09 08:36:46');
INSERT INTO `log_filter` VALUES ('21', '50002', '2', '(?<=expressions).*?(?=is neither present in the group by, nor is it an aggregate funciton)', '1', '非聚合函数#0#必须写在group by中，请检查脚本中group by 语法。', '2021-08-09 08:36:46', '2021-08-09 08:36:46');
INSERT INTO `log_filter` VALUES ('22', '50002', '2', '(?<=grouping expressions sequence is empty, and).*?(?=is not an aggregate funciton)', '1', '非聚合函数#0#必须写在group by中，请检查脚本中group by 语法。', '2021-08-09 08:36:46', '2021-08-09 08:36:46');
INSERT INTO `log_filter` VALUES ('23', '50002', '2', '(?<=Expression not in GROUP BY key ).*?(?=s)', '1', '非聚合函数#0#必须写在group by中，请检查脚本中group by 语法。', '2021-08-09 08:36:46', '2021-08-09 08:36:46');
INSERT INTO `log_filter` VALUES ('24', '50003', '2', '(?<=Undefined function:).*?(?=. This funciton is neither a registered)', '1', '未知函数#0#，请检查脚本中引用的函数是否有误。', '2021-08-09 08:36:46', '2021-08-09 08:36:46');
INSERT INTO `log_filter` VALUES ('25', '50003', '2', '(?<=Invalid function ).*?(?=s)', '1', '未知函数#0#，请检查脚本中引用的函数是否有误。', '2021-08-09 08:36:46', '2021-08-09 08:36:46');

-- ----------------------------
-- Table structure for project_events
-- ----------------------------
DROP TABLE IF EXISTS `project_events`;
CREATE TABLE `project_events` (
  `project_id` int(11) NOT NULL,
  `event_type` tinyint(4) NOT NULL,
  `event_time` bigint(20) NOT NULL,
  `username` varchar(64) DEFAULT NULL,
  `message` varchar(512) DEFAULT NULL,
  KEY `log` (`project_id`,`event_time`)
) ENGINE=InnoDB DEFAULT CHARSET=utf8;

-- ----------------------------
-- Records of project_events
-- ----------------------------
INSERT INTO `project_events` VALUES ('1', '1', '1628471143707', 'superadmin', null);
INSERT INTO `project_events` VALUES ('1', '6', '1628471159224', 'superadmin', 'Uploaded project files zip gmall.zip');
INSERT INTO `project_events` VALUES ('2', '1', '1628471289921', 'superadmin', null);
INSERT INTO `project_events` VALUES ('2', '6', '1628471297333', 'superadmin', 'Uploaded project files zip gmall.zip');
INSERT INTO `project_events` VALUES ('1', '3', '1628473725880', 'hadoop', 'Permission for user hadoop set to ADMIN');
INSERT INTO `project_events` VALUES ('3', '1', '1628474054561', 'hadoop', null);
INSERT INTO `project_events` VALUES ('4', '1', '1628476229701', 'superadmin', null);
INSERT INTO `project_events` VALUES ('1', '6', '1628479858267', 'hadoop', 'Uploaded project files zip gmall.zip');
INSERT INTO `project_events` VALUES ('1', '7', '1628480336712', 'hadoop', 'Schedule test1.hdfs_to_mysql (1) to be run at (starting) 2021-08-09T11:38:56.675+08:00 with CronExpression {0 0 12 ? * * } has been added.');
INSERT INTO `project_events` VALUES ('1', '7', '1628480503235', 'hadoop', 'Schedule test1.hdfs_to_mysql (1) to be run at (starting) 2021-08-09T11:38:56.675+08:00 with CronExpression {0 0 12 ? * * } has been removed.');
INSERT INTO `project_events` VALUES ('1', '7', '1628480530130', 'hadoop', 'Schedule test1.hdfs_to_mysql (1) to be run at (starting) 2021-08-09T11:42:10.107+08:00 with CronExpression {0 0 12 ? * * } has been added.');
INSERT INTO `project_events` VALUES ('1', '7', '1628480675560', 'hadoop', 'Schedule test1.hdfs_to_mysql (1) to be run at (starting) 2021-08-09T11:42:10.107+08:00 with CronExpression {0 0 12 ? * * } has been removed.');
INSERT INTO `project_events` VALUES ('1', '7', '1628480712524', 'hadoop', 'Schedule test1.hdfs_to_mysql (1) to be run at (starting) 2021-08-09T11:45:12.508+08:00 with CronExpression {0 0 12 ? * 5 } has been added.');

-- ----------------------------
-- Table structure for project_files
-- ----------------------------
DROP TABLE IF EXISTS `project_files`;
CREATE TABLE `project_files` (
  `project_id` int(11) NOT NULL,
  `version` int(11) NOT NULL,
  `chunk` int(11) NOT NULL,
  `size` int(11) DEFAULT NULL,
  `file` longblob,
  PRIMARY KEY (`project_id`,`version`,`chunk`),
  KEY `file_version` (`project_id`,`version`)
) ENGINE=InnoDB DEFAULT CHARSET=utf8;

-- ----------------------------
-- Records of project_files
-- ----------------------------
INSERT INTO `project_files` VALUES ('1', '1', '0', '1999', 0x504B030414000000080052452D525C5A30F8540000005C000000180000006F64735F746F5F6477645F73746172745F6C6F672E6A6F622DCB3D0E80200C40E19D843B3838CB09380B515A85445A426B8C31DEDD9FB8BDE17B7A54F4914B1909ACF9C3BB4D9A9B32390609CA017608A263D3B0F23248EAFA13F4B206B0220152CC283EC1FCE1E779993537504B03041400000008004C452D52459289885100000058000000110000006F64735F746F5F6477645F64622E6A6F622DCB4B0A80201446E1B9E01E1C34CE15B81651FF1B0ABEE81A11D1DE93687606DF195727135A29AE428A3F8C3E78D73E55DDC076348B13167EE5A85CCE6AB9311E29409D2AA886446C22B64FCE614A295E504B03040A000000000045452D528FE2D4903900000039000000110000006D7973716C5F746F5F686466732E6A6F62747970653D636F6D6D616E640D0A636F6D6D616E643D2F7573722F62696E2F6D7973716C5F746F5F686466732E736820616C6C20247B64747D504B03040A00000000003D452D521B5903BA370000003700000013000000686466735F746F5F6F64735F6C6F672E6A6F62747970653D636F6D6D616E640D0A636F6D6D616E643D2F7573722F62696E2F686466735F746F5F6F64735F6C6F672E736820247B64747D504B030414000000080036452D52F8C57E5B510000005600000012000000686466735F746F5F6F64735F64622E6A6F622DCB310AC0200C40D15DF00E0E9DEB093C8BA84951D0689B7490D2BB17A1DB1FFE9339D0A5DE5A20D0EA0F676FBE6C2C64331CECA5FB0EEC21EE9C4DA8D56C0FC8AB15E04002A454905D9B7CD6B52EF201504B03041400000008002F452D52C18C8E5D490000004C00000011000000686466735F746F5F6D7973716C2E6A6F622DCAC109C0200C00C0BFE00E9DA04EE02C624D8A42126D9352DCBE14FCDDE36C0E8CA5336701EF166278F40E479350E1D4643DF1D48B76AD5B26F20E70A0004A69A8115EFB4706FD00504B030414000000080029452D523A69B84A490000004B0000000E0000006477745F746F5F6164732E6A6F622DCA310A80300C05D0BDD03B3838DB13E42CA5F607ECD0B4984811F1EE2AB8BDE1D9D99972AB3509BCFB41E1D03DAC450286456B314117DDA6F982DDDE813B0B587261250CFDC61B1F504B030414000000080021452D521A63A71B480000004B0000000E0000006477735F746F5F6477742E6A6F622DCA310A80300C05D0BDD03B3838DB13E42C45FB0376685A4C2488787707DDDEF0EC1A4CA5B7B60A62F841E9D4236D55125CB3F50CB745F769BE614F0CE0C102965259098E6FE80B504B030414000000080013452D52B394BDA455000000630000000E0000006477645F746F5F6477732E6A6F624DCA4B0A80201446E179D01E1A348C5C816B11F5BF94900FBC3724A2BD87D0A0D939F0C95548FB1CA34D18872FB43AB92A17924283916CD078E57D9A6FC8330EA04209947C20D619DC458770CBEF586C1573E4ED05504B01023F0014000000080052452D525C5A30F8540000005C0000001800240000000000000020000000000000006F64735F746F5F6477645F73746172745F6C6F672E6A6F620A00200000000000010018000D0D89FB44E9D6010D0D89FB44E9D601D7360312DA24D601504B01023F001400000008004C452D5245928988510000005800000011002400000000000000200000008A0000006F64735F746F5F6477645F64622E6A6F620A00200000000000010018002E6561F444E9D6012E6561F444E9D6014E01A21DDA24D601504B01023F000A000000000045452D528FE2D490390000003900000011002400000000000000200000000A0100006D7973716C5F746F5F686466732E6A6F620A002000000000000100180091A2F6EC44E9D60191A2F6EC44E9D601184633E4D924D601504B01023F000A00000000003D452D521B5903BA3700000037000000130024000000000000002000000072010000686466735F746F5F6F64735F6C6F672E6A6F620A0020000000000001001800FCE059E544E9D601FCE059E544E9D6015C1166F6D924D601504B01023F0014000000080036452D52F8C57E5B51000000560000001200240000000000000020000000DA010000686466735F746F5F6F64735F64622E6A6F620A0020000000000001001800010A07DD44E9D601010A07DD44E9D60129088104DA24D601504B01023F001400000008002F452D52C18C8E5D490000004C00000011002400000000000000200000005B020000686466735F746F5F6D7973716C2E6A6F620A0020000000000001001800244FAAD444E9D601244FAAD444E9D6010AA2EA50DA24D601504B01023F0014000000080029452D523A69B84A490000004B0000000E00240000000000000020000000D30200006477745F746F5F6164732E6A6F620A0020000000000001001800F2F427CD44E9D601F2F427CD44E9D60102AF1645DA24D601504B01023F0014000000080021452D521A63A71B480000004B0000000E00240000000000000020000000480300006477735F746F5F6477742E6A6F620A0020000000000001001800CB5458C444E9D601CB5458C444E9D601EC994439DA24D601504B01023F0014000000080013452D52B394BDA455000000630000000E00240000000000000020000000BC0300006477645F746F5F6477732E6A6F620A0020000000000001001800EB96D6B544E9D601EB96D6B544E9D60144B7B92BDA24D601504B050600000000090009007C0300003D0400000000);
INSERT INTO `project_files` VALUES ('1', '2', '0', '1999', 0x504B030414000000080052452D525C5A30F8540000005C000000180000006F64735F746F5F6477645F73746172745F6C6F672E6A6F622DCB3D0E80200C40E19D843B3838CB09380B515A85445A426B8C31DEDD9FB8BDE17B7A54F4914B1909ACF9C3BB4D9A9B32390609CA017608A263D3B0F23248EAFA13F4B206B0220152CC283EC1FCE1E779993537504B03041400000008004C452D52459289885100000058000000110000006F64735F746F5F6477645F64622E6A6F622DCB4B0A80201446E1B9E01E1C34CE15B81651FF1B0ABEE81A11D1DE93687606DF195727135A29AE428A3F8C3E78D73E55DDC076348B13167EE5A85CCE6AB9311E29409D2AA886446C22B64FCE614A295E504B03040A000000000045452D528FE2D4903900000039000000110000006D7973716C5F746F5F686466732E6A6F62747970653D636F6D6D616E640D0A636F6D6D616E643D2F7573722F62696E2F6D7973716C5F746F5F686466732E736820616C6C20247B64747D504B03040A00000000003D452D521B5903BA370000003700000013000000686466735F746F5F6F64735F6C6F672E6A6F62747970653D636F6D6D616E640D0A636F6D6D616E643D2F7573722F62696E2F686466735F746F5F6F64735F6C6F672E736820247B64747D504B030414000000080036452D52F8C57E5B510000005600000012000000686466735F746F5F6F64735F64622E6A6F622DCB310AC0200C40D15DF00E0E9DEB093C8BA84951D0689B7490D2BB17A1DB1FFE9339D0A5DE5A20D0EA0F676FBE6C2C64331CECA5FB0EEC21EE9C4DA8D56C0FC8AB15E04002A454905D9B7CD6B52EF201504B03041400000008002F452D52C18C8E5D490000004C00000011000000686466735F746F5F6D7973716C2E6A6F622DCAC109C0200C00C0BFE00E9DA04EE02C624D8A42126D9352DCBE14FCDDE36C0E8CA5336701EF166278F40E479350E1D4643DF1D48B76AD5B26F20E70A0004A69A8115EFB4706FD00504B030414000000080029452D523A69B84A490000004B0000000E0000006477745F746F5F6164732E6A6F622DCA310A80300C05D0BDD03B3838DB13E42CA5F607ECD0B4984811F1EE2AB8BDE1D9D99972AB3509BCFB41E1D03DAC450286456B314117DDA6F982DDDE813B0B587261250CFDC61B1F504B030414000000080021452D521A63A71B480000004B0000000E0000006477735F746F5F6477742E6A6F622DCA310A80300C05D0BDD03B3838DB13E42C45FB0376685A4C2488787707DDDEF0EC1A4CA5B7B60A62F841E9D4236D55125CB3F50CB745F769BE614F0CE0C102965259098E6FE80B504B030414000000080013452D52B394BDA455000000630000000E0000006477645F746F5F6477732E6A6F624DCA4B0A80201446E179D01E1A348C5C816B11F5BF94900FBC3724A2BD87D0A0D939F0C95548FB1CA34D18872FB43AB92A17924283916CD078E57D9A6FC8330EA04209947C20D619DC458770CBEF586C1573E4ED05504B01023F0014000000080052452D525C5A30F8540000005C0000001800240000000000000020000000000000006F64735F746F5F6477645F73746172745F6C6F672E6A6F620A00200000000000010018000D0D89FB44E9D6010D0D89FB44E9D601D7360312DA24D601504B01023F001400000008004C452D5245928988510000005800000011002400000000000000200000008A0000006F64735F746F5F6477645F64622E6A6F620A00200000000000010018002E6561F444E9D6012E6561F444E9D6014E01A21DDA24D601504B01023F000A000000000045452D528FE2D490390000003900000011002400000000000000200000000A0100006D7973716C5F746F5F686466732E6A6F620A002000000000000100180091A2F6EC44E9D60191A2F6EC44E9D601184633E4D924D601504B01023F000A00000000003D452D521B5903BA3700000037000000130024000000000000002000000072010000686466735F746F5F6F64735F6C6F672E6A6F620A0020000000000001001800FCE059E544E9D601FCE059E544E9D6015C1166F6D924D601504B01023F0014000000080036452D52F8C57E5B51000000560000001200240000000000000020000000DA010000686466735F746F5F6F64735F64622E6A6F620A0020000000000001001800010A07DD44E9D601010A07DD44E9D60129088104DA24D601504B01023F001400000008002F452D52C18C8E5D490000004C00000011002400000000000000200000005B020000686466735F746F5F6D7973716C2E6A6F620A0020000000000001001800244FAAD444E9D601244FAAD444E9D6010AA2EA50DA24D601504B01023F0014000000080029452D523A69B84A490000004B0000000E00240000000000000020000000D30200006477745F746F5F6164732E6A6F620A0020000000000001001800F2F427CD44E9D601F2F427CD44E9D60102AF1645DA24D601504B01023F0014000000080021452D521A63A71B480000004B0000000E00240000000000000020000000480300006477735F746F5F6477742E6A6F620A0020000000000001001800CB5458C444E9D601CB5458C444E9D601EC994439DA24D601504B01023F0014000000080013452D52B394BDA455000000630000000E00240000000000000020000000BC0300006477645F746F5F6477732E6A6F620A0020000000000001001800EB96D6B544E9D601EB96D6B544E9D60144B7B92BDA24D601504B050600000000090009007C0300003D0400000000);
INSERT INTO `project_files` VALUES ('2', '1', '0', '1999', 0x504B030414000000080052452D525C5A30F8540000005C000000180000006F64735F746F5F6477645F73746172745F6C6F672E6A6F622DCB3D0E80200C40E19D843B3838CB09380B515A85445A426B8C31DEDD9FB8BDE17B7A54F4914B1909ACF9C3BB4D9A9B32390609CA017608A263D3B0F23248EAFA13F4B206B0220152CC283EC1FCE1E779993537504B03041400000008004C452D52459289885100000058000000110000006F64735F746F5F6477645F64622E6A6F622DCB4B0A80201446E1B9E01E1C34CE15B81651FF1B0ABEE81A11D1DE93687606DF195727135A29AE428A3F8C3E78D73E55DDC076348B13167EE5A85CCE6AB9311E29409D2AA886446C22B64FCE614A295E504B03040A000000000045452D528FE2D4903900000039000000110000006D7973716C5F746F5F686466732E6A6F62747970653D636F6D6D616E640D0A636F6D6D616E643D2F7573722F62696E2F6D7973716C5F746F5F686466732E736820616C6C20247B64747D504B03040A00000000003D452D521B5903BA370000003700000013000000686466735F746F5F6F64735F6C6F672E6A6F62747970653D636F6D6D616E640D0A636F6D6D616E643D2F7573722F62696E2F686466735F746F5F6F64735F6C6F672E736820247B64747D504B030414000000080036452D52F8C57E5B510000005600000012000000686466735F746F5F6F64735F64622E6A6F622DCB310AC0200C40D15DF00E0E9DEB093C8BA84951D0689B7490D2BB17A1DB1FFE9339D0A5DE5A20D0EA0F676FBE6C2C64331CECA5FB0EEC21EE9C4DA8D56C0FC8AB15E04002A454905D9B7CD6B52EF201504B03041400000008002F452D52C18C8E5D490000004C00000011000000686466735F746F5F6D7973716C2E6A6F622DCAC109C0200C00C0BFE00E9DA04EE02C624D8A42126D9352DCBE14FCDDE36C0E8CA5336701EF166278F40E479350E1D4643DF1D48B76AD5B26F20E70A0004A69A8115EFB4706FD00504B030414000000080029452D523A69B84A490000004B0000000E0000006477745F746F5F6164732E6A6F622DCA310A80300C05D0BDD03B3838DB13E42CA5F607ECD0B4984811F1EE2AB8BDE1D9D99972AB3509BCFB41E1D03DAC450286456B314117DDA6F982DDDE813B0B587261250CFDC61B1F504B030414000000080021452D521A63A71B480000004B0000000E0000006477735F746F5F6477742E6A6F622DCA310A80300C05D0BDD03B3838DB13E42C45FB0376685A4C2488787707DDDEF0EC1A4CA5B7B60A62F841E9D4236D55125CB3F50CB745F769BE614F0CE0C102965259098E6FE80B504B030414000000080013452D52B394BDA455000000630000000E0000006477645F746F5F6477732E6A6F624DCA4B0A80201446E179D01E1A348C5C816B11F5BF94900FBC3724A2BD87D0A0D939F0C95548FB1CA34D18872FB43AB92A17924283916CD078E57D9A6FC8330EA04209947C20D619DC458770CBEF586C1573E4ED05504B01023F0014000000080052452D525C5A30F8540000005C0000001800240000000000000020000000000000006F64735F746F5F6477645F73746172745F6C6F672E6A6F620A00200000000000010018000D0D89FB44E9D6010D0D89FB44E9D601D7360312DA24D601504B01023F001400000008004C452D5245928988510000005800000011002400000000000000200000008A0000006F64735F746F5F6477645F64622E6A6F620A00200000000000010018002E6561F444E9D6012E6561F444E9D6014E01A21DDA24D601504B01023F000A000000000045452D528FE2D490390000003900000011002400000000000000200000000A0100006D7973716C5F746F5F686466732E6A6F620A002000000000000100180091A2F6EC44E9D60191A2F6EC44E9D601184633E4D924D601504B01023F000A00000000003D452D521B5903BA3700000037000000130024000000000000002000000072010000686466735F746F5F6F64735F6C6F672E6A6F620A0020000000000001001800FCE059E544E9D601FCE059E544E9D6015C1166F6D924D601504B01023F0014000000080036452D52F8C57E5B51000000560000001200240000000000000020000000DA010000686466735F746F5F6F64735F64622E6A6F620A0020000000000001001800010A07DD44E9D601010A07DD44E9D60129088104DA24D601504B01023F001400000008002F452D52C18C8E5D490000004C00000011002400000000000000200000005B020000686466735F746F5F6D7973716C2E6A6F620A0020000000000001001800244FAAD444E9D601244FAAD444E9D6010AA2EA50DA24D601504B01023F0014000000080029452D523A69B84A490000004B0000000E00240000000000000020000000D30200006477745F746F5F6164732E6A6F620A0020000000000001001800F2F427CD44E9D601F2F427CD44E9D60102AF1645DA24D601504B01023F0014000000080021452D521A63A71B480000004B0000000E00240000000000000020000000480300006477735F746F5F6477742E6A6F620A0020000000000001001800CB5458C444E9D601CB5458C444E9D601EC994439DA24D601504B01023F0014000000080013452D52B394BDA455000000630000000E00240000000000000020000000BC0300006477645F746F5F6477732E6A6F620A0020000000000001001800EB96D6B544E9D601EB96D6B544E9D60144B7B92BDA24D601504B050600000000090009007C0300003D0400000000);

-- ----------------------------
-- Table structure for project_flow_files
-- ----------------------------
DROP TABLE IF EXISTS `project_flow_files`;
CREATE TABLE `project_flow_files` (
  `project_id` int(11) NOT NULL,
  `project_version` int(11) NOT NULL,
  `flow_name` varchar(128) NOT NULL,
  `flow_version` int(11) NOT NULL,
  `modified_time` bigint(20) NOT NULL,
  `flow_file` longblob,
  PRIMARY KEY (`project_id`,`project_version`,`flow_name`,`flow_version`)
) ENGINE=InnoDB DEFAULT CHARSET=utf8;

-- ----------------------------
-- Records of project_flow_files
-- ----------------------------

-- ----------------------------
-- Table structure for project_flows
-- ----------------------------
DROP TABLE IF EXISTS `project_flows`;
CREATE TABLE `project_flows` (
  `project_id` int(11) NOT NULL,
  `version` int(11) NOT NULL,
  `flow_id` varchar(128) NOT NULL,
  `modified_time` bigint(20) NOT NULL,
  `encoding_type` tinyint(4) DEFAULT NULL,
  `json` blob,
  PRIMARY KEY (`project_id`,`version`,`flow_id`),
  KEY `flow_index` (`project_id`,`version`)
) ENGINE=InnoDB DEFAULT CHARSET=utf8;

-- ----------------------------
-- Records of project_flows
-- ----------------------------
INSERT INTO `project_flows` VALUES ('1', '1', 'hdfs_to_mysql', '1628471159140', '2', 0x1F8B0800000000000000C5564B4FE33010FE2F738E2A5EBB87DC5005078484B461F7B242919B9974034E1C628752AAFE77C6EE033B2DD22644E216CDFB9BF93C93159464040A23205EAD23A81BF54899991408F169048473D210FF5D81566D9311C4A050A746A5B8C01467108111CD9C0C2BACC42934AC23CF0117C6CA056ADFFA1FE62E4EB9D4CF32747022ABB336C77C6C099C3B70F2CAD2EC6052A9E6FF57DDD6CF84D6FB9A3BD6FB2881F53E4660DDA9D7F3089BF8A95307C3518CEB87087251C8B6A10995FCC1E362916EB38CB4F645E2ED49CC44752DD5E20F35BA5015CF7872C20996B5CD9CB382D351392344426B07712EA4A6085EF60E8E23B5DE84CC548585718AAA9532824AE19630522C55CB55F317BD1097F07343AF3AD922DD381C447854B3A4DB0BC788096BB83C0E4ACDCE985E6B662BE1AFB6324549AE3C4BDD0EBDBC3477D50D2730C2B45C265CDEDEA6C9EFE9F42A49C0A5BEDFB4225365292A7493390072321CC876A883A07C10624C303FFA83F9781CBD70047B604C0867FD2104EFAF178AEEFA1B13C8F99059EC1652CF59787B6C4C08174320ECB6674F08DEE21E13C2E9D79E774F3E1DDC886FDE54C1F1ED85A47BB6BF7926C78EE5D097EEFF510C85F5F0C965B2F779DA9030AAB1ACA65CB4D2529A7B40E8BAE04EF0FA1D5089B54EAA090000);
INSERT INTO `project_flows` VALUES ('1', '2', 'hdfs_to_mysql', '1628479858209', '2', 0x1F8B0800000000000000C5564B4FE33010FE2F738E2A1ECB1E7243151C101212D9DDCB0A456E6652024E1C62876EA9FADF19BB0FECB4489B10895B34EF6FE6F34C56509211288C8078B58EA06ED41365665220C4A71110CE4943FC77055AB54D461083429D1A95E202539C410446347332ACB012A7D0B08E3C075C182B17A87DEB47CC5D9C72A95F64E8E04456676D8EF9D8123877E0E495A5D9C1A452CDFFAFBAAD9F09ADF73577ACF75102EB7D8CC0BA53AFE71136F153A70E86A318D70F11E4A2906D43132AF983C7C522DD661969ED8BC4DBB39889EA5AAAC51F6A74A12A9EF1E484132C6B9B396705A7A372468884D60EE25C484D11BCEE1CCE1C476ABD0999A90A0BE314552B650495C22D61A458AA96ABE62F7A252EE1E7865E75B245BA713888F0A46649B7178E1113D670791C949A9D31FDAB99AD84F76D658A921C672D753BF4F2D2DC55379CC008D3729970797B9B26BFA7D3AB240197FAD7A615992A4B51A19BCC019093E140B6431D04E583106382B9E80FE6E371F4C211EC8131219CF58710BCBF5E28BAEB6F4C20E74366B15B483D67E1EDB13121FC180261B73D7B42F016F798104EBFF6BC7BF2E9E0467CF3A60A8E6F2F24DDB3FDCD3339762C87BE74FF8F6228AC874F2E93BDCFD38684518D6535E5A29596D2DC0342D7057782D7EFFE158AE9AA090000);
INSERT INTO `project_flows` VALUES ('2', '1', 'hdfs_to_mysql', '1628471297221', '2', 0x1F8B0800000000000000C5564B4FE33010FE2F738E2A1ECB1E7243151C101212D9DDCB0A456E6652024E1C62876EA9FADF19BB0FECB4489B10895B34EF6FE6F34C56509211288C8078B58EA06ED41365665220C4671110CE4943FC77055AB54D461083429D1A95E202539C410446347332ACB012A7D0B08E3C075C182B17A87DEB47CC5D9C72A95F64E8E04456676D8EF9D8123877E0E495A5D9C1A452CDFFAFBAAD9F09ADF73577ACF75102EB7D8CC0BA53AFE71136F153A70E86A318D70F11E4A2906D43132AF983C7C522DD661969ED8BC4DBB39889EA5AAAC51F6A74A12A884F27279C6059DBCC392B381D95334224B47610E7426A8AE075EFE03852EB4DC84C555818A7A85A2923A8146E0923C552B55C357FD12B71093F37F4AA932DD28DC3418427354BBABD708C98B086CBE3A0D4EC8CE95FCD6C25BC6F2B5394E4CAB3D4EDD0CB4B7357DD7002234CCB65C2E5ED6D9AFC9E4EAF92045CEA5F9B5664AA2C45856E3207404E8603D90E7510940F428C09E6A23F988FC7D10B47B007C68470D61F42F0FE7AA1E8AEBF31819C0F99C56E21F59C85B7C7C684F0630884DDF6EC09C15BDC634238FDDAF3EEC9A7831BF1CD9B2A38BEBD9074CFF637CFE4D8B11CFAD2FD3F8AA1B01E3EB94CF63E4F1B12463596D5948B565A4A730F085D17DC095EBF03F6275554AA090000);

-- ----------------------------
-- Table structure for project_permissions
-- ----------------------------
DROP TABLE IF EXISTS `project_permissions`;
CREATE TABLE `project_permissions` (
  `project_id` varchar(64) NOT NULL,
  `modified_time` bigint(20) NOT NULL,
  `name` varchar(64) NOT NULL,
  `permissions` int(11) NOT NULL,
  `isGroup` tinyint(1) NOT NULL,
  `project_group` varchar(128) DEFAULT NULL,
  `group_permissions` varchar(128) DEFAULT NULL,
  `project_creator` tinyint(1) DEFAULT NULL COMMENT '是否项目创建人',
  PRIMARY KEY (`project_id`,`name`),
  KEY `permission_nameindex` (`name`,`project_id`)
) ENGINE=InnoDB DEFAULT CHARSET=utf8;

-- ----------------------------
-- Records of project_permissions
-- ----------------------------
INSERT INTO `project_permissions` VALUES ('1', '1628473725871', 'hadoop', '134217728', '0', null, null, null);
INSERT INTO `project_permissions` VALUES ('1', '1628471143679', 'superadmin', '134217728', '0', '', null, null);
INSERT INTO `project_permissions` VALUES ('2', '1628471289903', 'superadmin', '134217728', '0', '', null, null);
INSERT INTO `project_permissions` VALUES ('3', '1628474054544', 'hadoop', '134217728', '0', '', null, null);
INSERT INTO `project_permissions` VALUES ('4', '1628476229688', 'superadmin', '134217728', '1', null, null, null);

-- ----------------------------
-- Table structure for project_properties
-- ----------------------------
DROP TABLE IF EXISTS `project_properties`;
CREATE TABLE `project_properties` (
  `project_id` int(11) NOT NULL,
  `version` int(11) NOT NULL,
  `name` varchar(250) NOT NULL,
  `modified_time` bigint(20) NOT NULL,
  `encoding_type` tinyint(4) DEFAULT NULL,
  `property` blob,
  PRIMARY KEY (`project_id`,`version`,`name`),
  KEY `properties_index` (`project_id`,`version`)
) ENGINE=InnoDB DEFAULT CHARSET=utf8;

-- ----------------------------
-- Records of project_properties
-- ----------------------------
INSERT INTO `project_properties` VALUES ('1', '1', 'dwd_to_dws.job', '1628471159191', '2', 0x1F8B08000000000000004DCA410A80300C05D1AB487059ECBE9709D61F54D0B698888878770B82B89B8177919D4528D090D7B54F20F75520BFEBE6E39C3C0EB065C6A19D4E4D7BC1EE0A214512240DB368D519FA2230A2FB9D5ABF192F79A4FB0113B540756F000000);
INSERT INTO `project_properties` VALUES ('1', '1', 'dws_to_dwt.job', '1628471159196', '2', 0x1F8B0800000000000000AB562AA92C4855B2524ACECFCD4DCC4B51D281B3AC94F44B8B8BF49332F3F453CA8BE34BF2E353CA4BF48A331454AA534A6A810A53520B52F35252F39233538B81AA53CA53208A8A956A0190874E0F57000000);
INSERT INTO `project_properties` VALUES ('1', '1', 'dwt_to_ads.job', '1628471159184', '2', 0x1F8B0800000000000000AB562AA92C4855B2524ACECFCD4DCC4B51D281B3AC94F44B8B8BF49332F3F453CA4BE24BF2E313538AF58A331454AA534A6A810A53520B52F35252F39233538B81AA53CA8B418A806A956A0186DCA40157000000);
INSERT INTO `project_properties` VALUES ('1', '1', 'hdfs_to_mysql.job', '1628471159157', '2', 0x1F8B08000000000000003DCA310E80200C00C0AF98CE46763E4390D640520A5A8C21C6BF8B8BDB0D7743EB95C04228397B41987F5930A71E664D62226EEA5A71B9EBCE8BC6C9338F895449902424D2D1F16A5FF2A8F0BC7D8764EF58000000);
INSERT INTO `project_properties` VALUES ('1', '1', 'hdfs_to_ods_db.job', '1628471159211', '2', 0x1F8B08000000000000003DCB3B0E80201000D1AB908DA5919ECB1060D740C24F170B42BCBBD0D84D316F40EB9540812B29998CB0FFA5403E7C4B1BB2F478B26E4517648DF6602F4C8C621BD8DE09902A65A4EC02F154A9F315D7BD14BC1F2653010E62000000);
INSERT INTO `project_properties` VALUES ('1', '1', 'hdfs_to_ods_log.job', '1628471159164', '2', 0x1F8B0800000000000000AB562AA92C4855B2524ACECFCD4DCC4B51D281B3AC94F44B8B8BF49332F3F43352D28AE34BF2E3F3538AE373F2D3F58A331454AA534A6A956A0156A5587F40000000);
INSERT INTO `project_properties` VALUES ('1', '1', 'mysql_to_hdfs.job', '1628471159204', '2', 0x1F8B0800000000000000AB562AA92C4855B2524ACECFCD4DCC4B51D281B3AC94F44B8B8BF49332F3F4732B8B0B73E24BF2E33352D28AF58A33141273721454AA534A6A956A011281FEA242000000);
INSERT INTO `project_properties` VALUES ('1', '1', 'ods_to_dwd_db.job', '1628471159172', '2', 0x1F8B08000000000000003DCB4B0A80201446E1ADC8A561E4DCCD88FADF48F0451A11E2DE7B0C9A9DC1773AB5AB30297239469340F35F8AE45177697D921955B7AC7142C32E751326043175B4F17870E1044ECE737DA60DEB87DF0796C60DD0ADC10B62000000);
INSERT INTO `project_properties` VALUES ('1', '1', 'ods_to_dwd_start_log.job', '1628471159219', '2', 0x1F8B08000000000000003DCB4D0A80201040E1ABC4D03272EF65C49C2983FCC1998810EF9EB568F716EFAB207726D0E0520836224C7F69502717B5EC51256423C9E08586C5163147DA66F6C358515A2748992252743B71771ED7EF7F593FA13D5CE7780866000000);
INSERT INTO `project_properties` VALUES ('1', '2', 'dwd_to_dws.job', '1628479858238', '2', 0x1F8B08000000000000004DCA410A80300C05D1AB487059ECBE9709D61F54D0B698888878770B82B89B8177919D4528D090D7B54F20F75520BFEBE6E39C3C0EB065C6A19D4E4D7BC1EE0A214512240DB368D519FA2230A2FB9D5ABF192F79A4FB0113B540756F000000);
INSERT INTO `project_properties` VALUES ('1', '2', 'dws_to_dwt.job', '1628479858246', '2', 0x1F8B0800000000000000AB562AA92C4855B2524ACECFCD4DCC4B51D281B3AC94F44B8B8BF49332F3F453CA8BE34BF2E353CA4BF48A331454AA534A6A810A53520B52F35252F39233538B81AA53CA53208A8A956A0190874E0F57000000);
INSERT INTO `project_properties` VALUES ('1', '2', 'dwt_to_ads.job', '1628479858231', '2', 0x1F8B0800000000000000AB562AA92C4855B2524ACECFCD4DCC4B51D281B3AC94F44B8B8BF49332F3F453CA4BE24BF2E313538AF58A331454AA534A6A810A53520B52F35252F39233538B81AA53CA8B418A806A956A0186DCA40157000000);
INSERT INTO `project_properties` VALUES ('1', '2', 'hdfs_to_mysql.job', '1628479858218', '2', 0x1F8B08000000000000003DCA310E80200C00C0AF98CE46763E4390D640520A5A8C21C6BF8B8BDB0D7743EB95C04228397B41987F5930A71E664D62226EEA5A71B9EBCE8BC6C9338F895449902424D2D1F16A5FF2A8F0BC7D8764EF58000000);
INSERT INTO `project_properties` VALUES ('1', '2', 'hdfs_to_ods_db.job', '1628479858257', '2', 0x1F8B08000000000000003DCB3B0E80201000D1AB908DA5919ECB1060D740C24F170B42BCBBD0D84D316F40EB9540812B29998CB0FFA5403E7C4B1BB2F478B26E4517648DF6602F4C8C621BD8DE09902A65A4EC02F154A9F315D7BD14BC1F2653010E62000000);
INSERT INTO `project_properties` VALUES ('1', '2', 'hdfs_to_ods_log.job', '1628479858223', '2', 0x1F8B0800000000000000AB562AA92C4855B2524ACECFCD4DCC4B51D281B3AC94F44B8B8BF49332F3F43352D28AE34BF2E3F3538AE373F2D3F58A331454AA534A6A956A0156A5587F40000000);
INSERT INTO `project_properties` VALUES ('1', '2', 'mysql_to_hdfs.job', '1628479858253', '2', 0x1F8B0800000000000000AB562AA92C4855B2524ACECFCD4DCC4B51D281B3AC94F44B8B8BF49332F3F4732B8B0B73E24BF2E33352D28AF58A33141273721454AA534A6A956A011281FEA242000000);
INSERT INTO `project_properties` VALUES ('1', '2', 'ods_to_dwd_db.job', '1628479858227', '2', 0x1F8B08000000000000003DCB4B0A80201446E1ADC8A561E4DCCD88FADF48F0451A11E2DE7B0C9A9DC1773AB5AB30297239469340F35F8AE45177697D921955B7AC7142C32E751326043175B4F17870E1044ECE737DA60DEB87DF0796C60DD0ADC10B62000000);
INSERT INTO `project_properties` VALUES ('1', '2', 'ods_to_dwd_start_log.job', '1628479858262', '2', 0x1F8B08000000000000003DCB4D0A80201040E1ABC4D03272EF65C49C2983FCC1998810EF9EB568F716EFAB207726D0E0520836224C7F69502717B5EC51256423C9E08586C5163147DA66F6C358515A2748992252743B71771ED7EF7F593FA13D5CE7780866000000);
INSERT INTO `project_properties` VALUES ('2', '1', 'dwd_to_dws.job', '1628471297289', '2', 0x1F8B08000000000000004DCA410A80300C05D1AB487059ECBE9709D61F54D0B698888878770B82B89B8177919D4528D090D7B54F20F75520BFEBE6E39C3C0EB065C6A19D4E4D7BC1EE0A214512240DB368D519FA2230A2FB9D5ABF192F79A4FB0113B540756F000000);
INSERT INTO `project_properties` VALUES ('2', '1', 'dws_to_dwt.job', '1628471297300', '2', 0x1F8B0800000000000000AB562AA92C4855B2524ACECFCD4DCC4B51D281B3AC94F44B8B8BF49332F3F453CA8BE34BF2E353CA4BF48A331454AA534A6A810A53520B52F35252F39233538B81AA53CA53208A8A956A0190874E0F57000000);
INSERT INTO `project_properties` VALUES ('2', '1', 'dwt_to_ads.job', '1628471297272', '2', 0x1F8B0800000000000000AB562AA92C4855B2524ACECFCD4DCC4B51D281B3AC94F44B8B8BF49332F3F453CA4BE24BF2E313538AF58A331454AA534A6A810A53520B52F35252F39233538B81AA53CA8B418A806A956A0186DCA40157000000);
INSERT INTO `project_properties` VALUES ('2', '1', 'hdfs_to_mysql.job', '1628471297240', '2', 0x1F8B08000000000000003DCA310E80200C00C0AF98CE46763E4390D640520A5A8C21C6BF8B8BDB0D7743EB95C04228397B41987F5930A71E664D62226EEA5A71B9EBCE8BC6C9338F895449902424D2D1F16A5FF2A8F0BC7D8764EF58000000);
INSERT INTO `project_properties` VALUES ('2', '1', 'hdfs_to_ods_db.job', '1628471297318', '2', 0x1F8B08000000000000003DCB3B0E80201000D1AB908DA5919ECB1060D740C24F170B42BCBBD0D84D316F40EB9540812B29998CB0FFA5403E7C4B1BB2F478B26E4517648DF6602F4C8C621BD8DE09902A65A4EC02F154A9F315D7BD14BC1F2653010E62000000);
INSERT INTO `project_properties` VALUES ('2', '1', 'hdfs_to_ods_log.job', '1628471297250', '2', 0x1F8B0800000000000000AB562AA92C4855B2524ACECFCD4DCC4B51D281B3AC94F44B8B8BF49332F3F43352D28AE34BF2E3F3538AE373F2D3F58A331454AA534A6A956A0156A5587F40000000);
INSERT INTO `project_properties` VALUES ('2', '1', 'mysql_to_hdfs.job', '1628471297309', '2', 0x1F8B0800000000000000AB562AA92C4855B2524ACECFCD4DCC4B51D281B3AC94F44B8B8BF49332F3F4732B8B0B73E24BF2E33352D28AF58A33141273721454AA534A6A956A011281FEA242000000);
INSERT INTO `project_properties` VALUES ('2', '1', 'ods_to_dwd_db.job', '1628471297262', '2', 0x1F8B08000000000000003DCB4B0A80201446E1ADC8A561E4DCCD88FADF48F0451A11E2DE7B0C9A9DC1773AB5AB30297239469340F35F8AE45177697D921955B7AC7142C32E751326043175B4F17870E1044ECE737DA60DEB87DF0796C60DD0ADC10B62000000);
INSERT INTO `project_properties` VALUES ('2', '1', 'ods_to_dwd_start_log.job', '1628471297326', '2', 0x1F8B08000000000000003DCB4D0A80201040E1ABC4D03272EF65C49C2983FCC1998810EF9EB568F716EFAB207726D0E0520836224C7F69502717B5EC51256423C9E08586C5163147DA66F6C358515A2748992252743B71771ED7EF7F593FA13D5CE7780866000000);

-- ----------------------------
-- Table structure for project_versions
-- ----------------------------
DROP TABLE IF EXISTS `project_versions`;
CREATE TABLE `project_versions` (
  `project_id` int(11) NOT NULL,
  `version` int(11) NOT NULL,
  `upload_time` bigint(20) NOT NULL,
  `uploader` varchar(64) NOT NULL,
  `file_type` varchar(16) DEFAULT NULL,
  `file_name` varchar(128) DEFAULT NULL,
  `md5` binary(16) DEFAULT NULL,
  `num_chunks` int(11) DEFAULT NULL,
  `resource_id` varchar(512) DEFAULT NULL,
  PRIMARY KEY (`project_id`,`version`),
  KEY `version_index` (`project_id`)
) ENGINE=InnoDB DEFAULT CHARSET=utf8;

-- ----------------------------
-- Records of project_versions
-- ----------------------------
INSERT INTO `project_versions` VALUES ('1', '1', '1628471159106', 'superadmin', 'zip', 'gmall.zip', 0xF5A00643953DF0348D44934F4EBF8685, '1', null);
INSERT INTO `project_versions` VALUES ('1', '2', '1628479858183', 'hadoop', 'zip', 'gmall.zip', 0xF5A00643953DF0348D44934F4EBF8685, '1', null);
INSERT INTO `project_versions` VALUES ('2', '1', '1628471297185', 'superadmin', 'zip', 'gmall.zip', 0xF5A00643953DF0348D44934F4EBF8685, '1', null);

-- ----------------------------
-- Table structure for projects
-- ----------------------------
DROP TABLE IF EXISTS `projects`;
CREATE TABLE `projects` (
  `id` int(11) NOT NULL AUTO_INCREMENT,
  `name` varchar(64) NOT NULL,
  `active` tinyint(1) DEFAULT NULL,
  `modified_time` bigint(20) NOT NULL,
  `create_time` bigint(20) NOT NULL,
  `version` int(11) DEFAULT NULL,
  `last_modified_by` varchar(64) NOT NULL,
  `description` varchar(2048) DEFAULT NULL,
  `create_user` varchar(64) DEFAULT NULL COMMENT '项目创建人',
  `enc_type` tinyint(4) DEFAULT NULL,
  `settings_blob` longblob,
  PRIMARY KEY (`id`),
  UNIQUE KEY `project_id` (`id`),
  KEY `project_name` (`name`)
) ENGINE=InnoDB AUTO_INCREMENT=5 DEFAULT CHARSET=utf8;

-- ----------------------------
-- Records of projects
-- ----------------------------
INSERT INTO `projects` VALUES ('1', 'test1', '1', '1628479858214', '1628471143654', '2', 'hadoop', 'test1', 'superadmin', '2', 0x1F8B0800000000000000658C410AC2301045EF32EB6C12D35A730777BA12174367C480694266284AE9DD8D82A0B8FDEFBFB7406245424508CB6A60C2C4104059D4820162196B2C1AF3F4B5DE50749F295E22D351B8367445CAB93416098235307395B7E40C949AEF8FD74F209C3ECFF36FE610538B632ACDEEDDE0B7BBA11B9CF506C6CAA8FCC7ADF59BBEF3EB132A19D767C1000000);
INSERT INTO `projects` VALUES ('2', 'test2', '1', '1628471297229', '1628471289887', '1', 'superadmin', 'test2', 'superadmin', '2', 0x1F8B08000000000000006D8DB10EC2300C44FFC57396468826F90736981083551B618934516C10A8EABF13984062BD77EF6E81CC8684869096D5C18C992181B19A0707C43A35A92665FE4AAFA8B62B2467613A28B78EF456B92165993B1782E41DDCB9E9471C1CD4561ECF7757211DE182544A85D3EFD45E723FC05CBBB1F561330E3E8EDE4707536334FEC3430C615C5F668B66EBC5000000);
INSERT INTO `projects` VALUES ('3', 'test3', '1', '1628474054528', '1628474054528', null, 'hadoop', 'test3', 'hadoop', '2', 0x1F8B0800000000000000758C410AC2301045EFF2D759D436D5923BB8D395B8183A23064C1392A128A577370A822EDCFEF7FE5B10448949096E590D260A020795A21D0C58CA987D521FA7AFF54645F791FDC50B1F8BE48AAEC431A6CA3CC37506B3E4F23E350629C7FBE3E515B8D3C73CFF660E3ED4388504B7D9B683DDD9A6B77D3B188C5948E51F5F9FE085E87EC1000000);
INSERT INTO `projects` VALUES ('4', 't1', '1', '1628476229670', '1628476229670', null, 'superadmin', 'desc', 'superadmin', '2', 0x1F8B0800000000000000758C310EC2301004FFB2B50B124509F80F7450218A53EE1027E1D8B22F0814E5EF387414943BB3BB0B82183119C12FABC34441E0610D1C58CA983599C6A9A22D55F8A062C7C87A53E173915C4D999364E2A053F5CAF09DC35372F9EE760E29C7D77BEB16F80BEEC431265C7FAF4E1AA4188504DFF4EDBE1BFAB63DF4435D8F59C8E49F5F3F75AA8FF1C1000000);

-- ----------------------------
-- Table structure for properties
-- ----------------------------
DROP TABLE IF EXISTS `properties`;
CREATE TABLE `properties` (
  `name` varchar(64) NOT NULL,
  `type` int(11) NOT NULL,
  `modified_time` bigint(20) NOT NULL,
  `value` varchar(256) DEFAULT NULL,
  PRIMARY KEY (`name`,`type`)
) ENGINE=InnoDB DEFAULT CHARSET=utf8;

-- ----------------------------
-- Records of properties
-- ----------------------------

-- ----------------------------
-- Table structure for triggers
-- ----------------------------
DROP TABLE IF EXISTS `triggers`;
CREATE TABLE `triggers` (
  `trigger_id` int(11) NOT NULL AUTO_INCREMENT,
  `trigger_source` varchar(128) DEFAULT NULL,
  `modify_time` bigint(20) NOT NULL,
  `enc_type` tinyint(4) DEFAULT NULL,
  `data` longblob,
  PRIMARY KEY (`trigger_id`)
) ENGINE=InnoDB AUTO_INCREMENT=4 DEFAULT CHARSET=utf8;

-- ----------------------------
-- Records of triggers
-- ----------------------------
INSERT INTO `triggers` VALUES ('3', 'SimpleTimeTrigger', '1631764851929', '2', 0x1F8B0800000000000000AD54516EDA4010BD0ADAAFB68A52430221FC542401958A8628A41F5515A18D3D864DEC5D67774D43115F3D44AE900354550F5455CA2D3AB38B81109A566AFC65EFCCBE376FE679A6CC6A311C823E5432125628C91A5326E1C61E8E20BC3A1329B0062BD7762A3BB5FD5A400FDB6270936930C665B3036E444889EE06E841791BC63C79F11213437F6458E3D3B4F87867FE8D24D44AB656898252502A574A6F4AAF4AD5122664A0858A3020F324C16F7325B2136E3C2852A2B41CF0DC22FE172589A369047FDD1F71391C7181A15868B35644A5BE5B0FF6CA956A50C704614E21CCB51672B80414D146D94435C960438CCD9E089D63104582EDC9333F8B95D2FD4187087748A2CA7548307D916609104E716701823D131A9618E0BE9B210D9706718E30F9452AEC1F24FBE007E3EA18F148A90C4F136CEC7B158978B21C5779AFB65BAF96F72BFB342E252D4E14278B7AF8826D3A7F2FA6BE19DDE7389970830DB7D04ED4675FB3934067F8DECBE6B853167391E4852EBCD7EE1C77FA6F07CD6E7770D2EBF73B07DD16DE4C21557AE27ACD1AD4902D769D430E5D1843C21A01BA48649008092DE4A002C84C4E0D8D1DA4F5944840F64244A92C36A127DB649DB62F8235629E185806BBFC71AC209A537B1E9387211ABC9562B2E98D019D162DAFCC35FAA81F5D240CBF4820F25F3176E9846B9E82757F19F5FE01A44FA3D7430DDC2AEA7A0431CF13CBD6F0D7D897966D6D9848A6D52584F6983B2F583096ECAFEC08F4CA8C2ED5C536FDC6DBAB0B836AC4401FDB492D826871814AE50968678F23C8B84E710088FFF3C7B75FB7DFEFBFDEDDDFDEB185C226A5CEBBC93AC7ED1E73C01EF414AC9E3C44C6DAC7A8820F0B2714167A84335B0874962469D4E9B9DA51149B8155837462AE13F6549F66E7C5EFF7E47AAD542BBBB5A01E6C5CAF2D193DC3725DA7585FAEDE8D7FDDA8CE19CFBA520B44B753D7B5FEC7463596DB9C4A3E6D358F3E12818C15996FF61B613F0DE2F3060000);

-- ----------------------------
-- Table structure for user_variable
-- ----------------------------
DROP TABLE IF EXISTS `user_variable`;
CREATE TABLE `user_variable` (
  `id` int(11) NOT NULL AUTO_INCREMENT,
  `key` varchar(128) NOT NULL COMMENT '变量key名称',
  `description` varchar(256) NOT NULL COMMENT '变量描述',
  `value` varchar(256) NOT NULL COMMENT '变量值',
  `owner` varchar(64) NOT NULL COMMENT '创建人',
  `create_time` bigint(20) DEFAULT NULL COMMENT '创建时间',
  `update_time` bigint(20) DEFAULT NULL COMMENT '更新时间',
  PRIMARY KEY (`id`),
  UNIQUE KEY `key` (`key`)
) ENGINE=InnoDB DEFAULT CHARSET=utf8 COMMENT='用户变量表';

-- ----------------------------
-- Records of user_variable
-- ----------------------------

-- ----------------------------
-- Table structure for user_variable_user
-- ----------------------------
DROP TABLE IF EXISTS `user_variable_user`;
CREATE TABLE `user_variable_user` (
  `id` int(11) NOT NULL AUTO_INCREMENT,
  `v_id` int(11) NOT NULL,
  `username` varchar(64) NOT NULL,
  PRIMARY KEY (`id`)
) ENGINE=InnoDB DEFAULT CHARSET=utf8 COMMENT='用户变量关系表';

-- ----------------------------
-- Records of user_variable_user
-- ----------------------------

-- ----------------------------
-- Table structure for wtss_permissions
-- ----------------------------
DROP TABLE IF EXISTS `wtss_permissions`;
CREATE TABLE `wtss_permissions` (
  `permissions_id` int(11) NOT NULL AUTO_INCREMENT COMMENT '权限ID',
  `permissions_name` varchar(80) DEFAULT NULL COMMENT '权限名称',
  `permissions_value` int(11) DEFAULT NULL COMMENT '权限值',
  `permissions_type` tinyint(1) DEFAULT NULL COMMENT '权限类型',
  `description` varchar(100) DEFAULT NULL COMMENT '权限说明',
  `create_time` bigint(20) DEFAULT NULL COMMENT '创建时间',
  `update_time` bigint(20) DEFAULT NULL COMMENT '更新时间',
  PRIMARY KEY (`permissions_id`)
) ENGINE=InnoDB AUTO_INCREMENT=9 DEFAULT CHARSET=utf8 COMMENT='权限表';

-- ----------------------------
-- Records of wtss_permissions
-- ----------------------------
INSERT INTO `wtss_permissions` VALUES ('1', 'ADMIN', '134217728', '1', '超级管理员权限', '1628469407', '1628469407');
INSERT INTO `wtss_permissions` VALUES ('2', 'READ', '1', '1', '读取权限', '1628469407', '1628469407');
INSERT INTO `wtss_permissions` VALUES ('3', 'WRITE', '2', '1', '写权限', '1628469407', '1628469407');
INSERT INTO `wtss_permissions` VALUES ('4', 'EXECUTE', '4', '1', '执行权限', '1628469407', '1628469407');
INSERT INTO `wtss_permissions` VALUES ('5', 'SCHEDULE', '8', '1', '执行定时调度权限', '1628469407', '1628469407');
INSERT INTO `wtss_permissions` VALUES ('6', 'METRICS', '16', '1', '监控权限', '1628469407', '1628469407');
INSERT INTO `wtss_permissions` VALUES ('7', 'CREATEPROJECTS', '1073741824', '1', '创建项目权限', '1628469407', '1628469407');
INSERT INTO `wtss_permissions` VALUES ('8', 'UPLOADPROJECTS', '32768', '1', '上传项目权限', '1628469407', '1628469407');

-- ----------------------------
-- Table structure for wtss_role
-- ----------------------------
DROP TABLE IF EXISTS `wtss_role`;
CREATE TABLE `wtss_role` (
  `role_id` int(11) NOT NULL AUTO_INCREMENT COMMENT '角色ID',
  `role_name` varchar(80) DEFAULT NULL COMMENT '角色名称',
  `permissions_ids` varchar(80) DEFAULT NULL COMMENT '角色权限',
  `description` varchar(100) DEFAULT NULL COMMENT '角色说明',
  `create_time` bigint(20) DEFAULT NULL COMMENT '创建时间',
  `update_time` bigint(20) DEFAULT NULL COMMENT '更新时间',
  PRIMARY KEY (`role_id`)
) ENGINE=InnoDB AUTO_INCREMENT=3 DEFAULT CHARSET=utf8 COMMENT='角色表';

-- ----------------------------
-- Records of wtss_role
-- ----------------------------
INSERT INTO `wtss_role` VALUES ('1', 'admin', '1', '管理员角色', '1628469407', '1628469407');
INSERT INTO `wtss_role` VALUES ('2', 'user', '2,3,4,5,7,8', '普通用户角色', '1628469407', '1628469407');

-- ----------------------------
-- Table structure for wtss_user
-- ----------------------------
DROP TABLE IF EXISTS `wtss_user`;
CREATE TABLE `wtss_user` (
  `user_id` varchar(50) NOT NULL COMMENT '用户ID',
  `username` varchar(200) DEFAULT NULL COMMENT '用户登录名',
  `password` varchar(200) DEFAULT NULL COMMENT '用户登录密码',
  `full_name` varchar(200) DEFAULT NULL COMMENT '用户姓名',
  `department_id` int(10) DEFAULT NULL COMMENT '部门ID',
  `department_name` varchar(200) DEFAULT NULL COMMENT '部门',
  `email` varchar(200) DEFAULT NULL COMMENT '电子邮箱',
  `proxy_users` varchar(250) DEFAULT NULL COMMENT '代理用户',
  `role_id` int(11) DEFAULT NULL COMMENT '用户角色',
  `user_type` tinyint(1) DEFAULT NULL COMMENT '权限类型',
  `create_time` bigint(20) DEFAULT NULL COMMENT '创建时间',
  `update_time` bigint(20) DEFAULT NULL COMMENT '更新时间',
  `modify_type` varchar(50) DEFAULT NULL COMMENT '用户变更类型',
  `modify_info` varchar(300) DEFAULT NULL COMMENT '用户变更内容',
  `user_category` varchar(10) DEFAULT NULL COMMENT '用户种类',
  PRIMARY KEY (`user_id`)
) ENGINE=InnoDB DEFAULT CHARSET=utf8 COMMENT='用户表';

-- ----------------------------
-- Records of wtss_user
-- ----------------------------
INSERT INTO `wtss_user` VALUES ('wtss_hadoop', 'hadoop', '9A3887ACB63D1CE4C53034E7972DD830', 'hadoop', '9999999', '临时部门', '', 'hadoop', '1', '1', '1628472607109', '1628472634370', '0', 'Normal', 'test');
INSERT INTO `wtss_user` VALUES ('wtss_superadmin', 'superadmin', 'A4E43077D68F3E1F90AD69FF22058E59', 'superadmin', '9999999', '临时部门', '', 'hadoop', '1', '1', '1534408644414', '1534408644414', null, null, null);
